VentaID,FechaVenta,Anio,MesNumero,MesNombre,ClienteID,ClienteNombre,SegmentoCliente,IndustriaCliente,ProductoID,ProductoNombre,CategoriaProducto,MarcaProducto,RegionID,RegionNombre,Pais,ResponsableRegionEmail,VendedorID,VendedorNombre,CanalVenta,EstadoPedido,MetodoPago,Cantidad,PrecioUnitario,CostoUnitario,DescuentoPct,ImporteBruto,ImporteDescuento,ImporteNeto,CostoTotal,Margen,FechaCarga
VEN-00001,2026-03-09,2026,3,Marzo,C006,Proseware Labs,SMB,technology,P008,Governance Advisory,Consulting,Data Days,R002,Centro,Espana,centro.manager@datadays.local,V005,Sofia Ramirez,Marketplace,Pendiente,Transferencia,2,1250.00,420.00,0.05,2500.00,125.00,2375.00,840.00,1535.00,2026-08-05
VEN-00002,2026-01-16,2026,1,Enero,C002,Contoso Market,Enterprise,retail,P001,Fabric Capacity F64,Cloud Analytics,Microsoft,R004,Latam,Mexico,latam.manager@datadays.local,V003,Lucia Perez,Partner,Completado,Tarjeta,6,820.00,510.00,0.00,4920.00,0.00,4920.00,3060.00,1860.00,2026-08-05
VEN-00003,2026-02-11,2026,2,Febrero,C003,Fabrikam Digital,Corporate,technology,P001,Fabric Capacity F64,Cloud Analytics,Microsoft,R004,Latam,Mexico,latam.manager@datadays.local,V005,Sofia Ramirez,Partner,Pendiente,Tarjeta,12,820.00,510.00,0.15,9840.00,1476.00,8364.00,6120.00,2244.00,2026-08-05
VEN-00004,2026-04-21,2026,4,Abril,C009,Graphic Design Institute,Corporate,education,P007,DP-600 Exam Prep,Training,Data Days,R003,Sur,Espana,sur.manager@datadays.local,V001,Ana Torres,Online,Cancelado,Orden de compra,10,420.00,95.00,0.03,4200.00,126.00,4074.00,950.00,3124.00,2026-08-05
VEN-00005,2026-01-06,2026,1,Enero,C007,Tailspin Toys,SMB,retail,P001,Fabric Capacity F64,Cloud Analytics,Microsoft,R002,Centro,Espana,centro.manager@datadays.local,V004,Miguel Santos,Online,Pendiente,Transferencia,3,820.00,510.00,0.10,2460.00,246.00,2214.00,1530.00,684.00,2026-08-05
VEN-00006,2026-04-19,2026,4,Abril,C010,Blue Yonder Airlines,Enterprise,travel,P003,Power BI Premium User,Business Intelligence,Microsoft,R001,Norte,Espana,norte.manager@datadays.local,V001,Ana Torres,Partner,Cancelado,Transferencia,4,22.80,7.20,0.10,91.20,9.12,82.08,28.80,53.28,2026-08-05
VEN-00007,2026-05-29,2026,5,Mayo,C009,Graphic Design Institute,Corporate,education,P005,SQL Analytics Pack,Data Warehouse,Microsoft,R003,Sur,Espana,sur.manager@datadays.local,V002,Carlos Molina,Marketplace,Completado,Tarjeta,10,310.00,155.00,0.08,3100.00,248.00,2852.00,1550.00,1302.00,2026-08-05
VEN-00008,2026-06-17,2026,6,Junio,C002,Contoso Market,Enterprise,retail,P002,Power BI Pro,Business Intelligence,Microsoft,R003,Sur,Espana,sur.manager@datadays.local,V003,Lucia Perez,Partner,Pendiente,Orden de compra,10,13.70,4.10,0.10,137.00,13.70,123.30,41.00,82.30,2026-08-05
VEN-00009,2026-05-21,2026,5,Mayo,C004,Adventure Works,Corporate,manufacturing,P002,Power BI Pro,Business Intelligence,Microsoft,R003,Sur,Espana,sur.manager@datadays.local,V005,Sofia Ramirez,Partner,Cancelado,Orden de compra,1,13.70,4.10,0.15,13.70,2.05,11.64,4.10,7.54,2026-08-05
VEN-00010,2026-01-31,2026,1,Enero,C007,Tailspin Toys,SMB,retail,P004,Azure Data Lake Storage,Storage,Microsoft,R001,Norte,Espana,norte.manager@datadays.local,V003,Lucia Perez,Enterprise Sales,Completado,Tarjeta,12,95.00,42.00,0.10,1140.00,114.00,1026.00,504.00,522.00,2026-08-05
VEN-00011,2026-04-24,2026,4,Abril,C003,Fabrikam Digital,Corporate,technology,P002,Power BI Pro,Business Intelligence,Microsoft,R001,Norte,Espana,norte.manager@datadays.local,V004,Miguel Santos,Online,Completado,Transferencia,12,13.70,4.10,0.03,164.40,4.93,159.47,49.20,110.27,2026-08-05
VEN-00012,2026-05-29,2026,5,Mayo,C010,Blue Yonder Airlines,Enterprise,travel,P007,DP-600 Exam Prep,Training,Data Days,R003,Sur,Espana,sur.manager@datadays.local,V002,Carlos Molina,Enterprise Sales,Pendiente,Orden de compra,11,420.00,95.00,0.03,4620.00,138.60,4481.40,1045.00,3436.40,2026-08-05
VEN-00013,2026-05-28,2026,5,Mayo,C008,Wide World Importers,Enterprise,distribution,P001,Fabric Capacity F64,Cloud Analytics,Microsoft,R003,Sur,Espana,sur.manager@datadays.local,V004,Miguel Santos,Online,Cancelado,Transferencia,7,820.00,510.00,0.08,5740.00,459.20,5280.80,3570.00,1710.80,2026-08-05
VEN-00014,2026-02-16,2026,2,Febrero,C009,Graphic Design Institute,Corporate,education,P002,Power BI Pro,Business Intelligence,Microsoft,R001,Norte,Espana,norte.manager@datadays.local,V002,Carlos Molina,Online,Completado,Orden de compra,4,13.70,4.10,0.05,54.80,2.74,52.06,16.40,35.66,2026-08-05
VEN-00015,2026-01-20,2026,1,Enero,C007,Tailspin Toys,SMB,retail,P006,Data Engineering Workshop,Training,Data Days,R003,Sur,Espana,sur.manager@datadays.local,V001,Ana Torres,Marketplace,Pendiente,Transferencia,12,680.00,180.00,0.00,8160.00,0.00,8160.00,2160.00,6000.00,2026-08-05
VEN-00016,2026-01-05,2026,1,Enero,C010,Blue Yonder Airlines,Enterprise,travel,P007,DP-600 Exam Prep,Training,Data Days,R004,Latam,Mexico,latam.manager@datadays.local,V004,Miguel Santos,Marketplace,Completado,Tarjeta,2,420.00,95.00,0.08,840.00,67.20,772.80,190.00,582.80,2026-08-05
VEN-00017,2026-04-02,2026,4,Abril,C005,Litware Stores,SMB,retail,P003,Power BI Premium User,Business Intelligence,Microsoft,R003,Sur,Espana,sur.manager@datadays.local,V001,Ana Torres,Partner,Completado,Tarjeta,6,22.80,7.20,0.03,136.80,4.10,132.70,43.20,89.50,2026-08-05
VEN-00018,2026-06-05,2026,6,Junio,C007,Tailspin Toys,SMB,retail,P001,Fabric Capacity F64,Cloud Analytics,Microsoft,R001,Norte,Espana,norte.manager@datadays.local,V005,Sofia Ramirez,Partner,Cancelado,Tarjeta,2,820.00,510.00,0.10,1640.00,164.00,1476.00,1020.00,456.00,2026-08-05
VEN-00019,2026-01-30,2026,1,Enero,C009,Graphic Design Institute,Corporate,education,P001,Fabric Capacity F64,Cloud Analytics,Microsoft,R002,Centro,Espana,centro.manager@datadays.local,V003,Lucia Perez,Partner,Completado,Orden de compra,7,820.00,510.00,0.03,5740.00,172.20,5567.80,3570.00,1997.80,2026-08-05
VEN-00020,2026-02-05,2026,2,Febrero,C004,Adventure Works,Corporate,manufacturing,P003,Power BI Premium User,Business Intelligence,Microsoft,R001,Norte,Espana,norte.manager@datadays.local,V003,Lucia Perez,Enterprise Sales,Pendiente,Transferencia,12,22.80,7.20,0.08,273.60,21.89,251.71,86.40,165.31,2026-08-05
VEN-00021,2026-04-16,2026,4,Abril,C007,Tailspin Toys,SMB,retail,P005,SQL Analytics Pack,Data Warehouse,Microsoft,R003,Sur,Espana,sur.manager@datadays.local,V003,Lucia Perez,Partner,Cancelado,Transferencia,3,310.00,155.00,0.10,930.00,93.00,837.00,465.00,372.00,2026-08-05
VEN-00022,2026-04-06,2026,4,Abril,C009,Graphic Design Institute,Corporate,education,P007,DP-600 Exam Prep,Training,Data Days,R002,Centro,Espana,centro.manager@datadays.local,V004,Miguel Santos,Marketplace,Completado,Transferencia,6,420.00,95.00,0.10,2520.00,252.00,2268.00,570.00,1698.00,2026-08-05
VEN-00023,2026-03-21,2026,3,Marzo,C010,Blue Yonder Airlines,Enterprise,travel,P003,Power BI Premium User,Business Intelligence,Microsoft,R002,Centro,Espana,centro.manager@datadays.local,V002,Carlos Molina,Partner,Cancelado,Tarjeta,1,22.80,7.20,0.00,22.80,0.00,22.80,7.20,15.60,2026-08-05
VEN-00024,2026-04-04,2026,4,Abril,C001,Northwind Retail,Enterprise,retail,P003,Power BI Premium User,Business Intelligence,Microsoft,R004,Latam,Mexico,latam.manager@datadays.local,V003,Lucia Perez,Partner,Completado,Orden de compra,12,22.80,7.20,0.08,273.60,21.89,251.71,86.40,165.31,2026-08-05
VEN-00025,2026-04-11,2026,4,Abril,C005,Litware Stores,SMB,retail,P003,Power BI Premium User,Business Intelligence,Microsoft,R003,Sur,Espana,sur.manager@datadays.local,V004,Miguel Santos,Online,Completado,Tarjeta,4,22.80,7.20,0.10,91.20,9.12,82.08,28.80,53.28,2026-08-05
VEN-00026,2026-06-23,2026,6,Junio,C007,Tailspin Toys,SMB,retail,P006,Data Engineering Workshop,Training,Data Days,R002,Centro,Espana,centro.manager@datadays.local,V002,Carlos Molina,Partner,Completado,Transferencia,8,680.00,180.00,0.00,5440.00,0.00,5440.00,1440.00,4000.00,2026-08-05
VEN-00027,2026-04-13,2026,4,Abril,C009,Graphic Design Institute,Corporate,education,P008,Governance Advisory,Consulting,Data Days,R004,Latam,Mexico,latam.manager@datadays.local,V004,Miguel Santos,Partner,Cancelado,Tarjeta,12,1250.00,420.00,0.10,15000.00,1500.00,13500.00,5040.00,8460.00,2026-08-05
VEN-00028,2026-05-07,2026,5,Mayo,C007,Tailspin Toys,SMB,retail,P007,DP-600 Exam Prep,Training,Data Days,R001,Norte,Espana,norte.manager@datadays.local,V003,Lucia Perez,Enterprise Sales,Completado,Orden de compra,1,420.00,95.00,0.15,420.00,63.00,357.00,95.00,262.00,2026-08-05
VEN-00029,2026-03-20,2026,3,Marzo,C001,Northwind Retail,Enterprise,retail,P002,Power BI Pro,Business Intelligence,Microsoft,R002,Centro,Espana,centro.manager@datadays.local,V005,Sofia Ramirez,Enterprise Sales,Cancelado,Orden de compra,3,13.70,4.10,0.03,41.10,1.23,39.87,12.30,27.57,2026-08-05
VEN-00030,2026-06-09,2026,6,Junio,C007,Tailspin Toys,SMB,retail,P004,Azure Data Lake Storage,Storage,Microsoft,R002,Centro,Espana,centro.manager@datadays.local,V004,Miguel Santos,Partner,Cancelado,Orden de compra,7,95.00,42.00,0.00,665.00,0.00,665.00,294.00,371.00,2026-08-05
VEN-00031,2026-01-28,2026,1,Enero,C007,Tailspin Toys,SMB,retail,P007,DP-600 Exam Prep,Training,Data Days,R004,Latam,Mexico,latam.manager@datadays.local,V001,Ana Torres,Marketplace,Completado,Orden de compra,7,420.00,95.00,0.05,2940.00,147.00,2793.00,665.00,2128.00,2026-08-05
VEN-00032,2026-02-12,2026,2,Febrero,C001,Northwind Retail,Enterprise,retail,P002,Power BI Pro,Business Intelligence,Microsoft,R003,Sur,Espana,sur.manager@datadays.local,V005,Sofia Ramirez,Marketplace,Completado,Tarjeta,11,13.70,4.10,0.08,150.70,12.06,138.64,45.10,93.54,2026-08-05
VEN-00033,2026-03-01,2026,3,Marzo,C010,Blue Yonder Airlines,Enterprise,travel,P006,Data Engineering Workshop,Training,Data Days,R001,Norte,Espana,norte.manager@datadays.local,V002,Carlos Molina,Partner,Completado,Transferencia,11,680.00,180.00,0.15,7480.00,1122.00,6358.00,1980.00,4378.00,2026-08-05
VEN-00034,2026-01-25,2026,1,Enero,C001,Northwind Retail,Enterprise,retail,P003,Power BI Premium User,Business Intelligence,Microsoft,R003,Sur,Espana,sur.manager@datadays.local,V001,Ana Torres,Enterprise Sales,Completado,Orden de compra,8,22.80,7.20,0.08,182.40,14.59,167.81,57.60,110.21,2026-08-05
VEN-00035,2026-04-02,2026,4,Abril,C003,Fabrikam Digital,Corporate,technology,P002,Power BI Pro,Business Intelligence,Microsoft,R001,Norte,Espana,norte.manager@datadays.local,V005,Sofia Ramirez,Online,Completado,Orden de compra,4,13.70,4.10,0.15,54.80,8.22,46.58,16.40,30.18,2026-08-05
VEN-00036,2026-04-17,2026,4,Abril,C003,Fabrikam Digital,Corporate,technology,P006,Data Engineering Workshop,Training,Data Days,R004,Latam,Mexico,latam.manager@datadays.local,V002,Carlos Molina,Online,Pendiente,Tarjeta,4,680.00,180.00,0.05,2720.00,136.00,2584.00,720.00,1864.00,2026-08-05
VEN-00037,2026-05-25,2026,5,Mayo,C010,Blue Yonder Airlines,Enterprise,travel,P003,Power BI Premium User,Business Intelligence,Microsoft,R004,Latam,Mexico,latam.manager@datadays.local,V005,Sofia Ramirez,Enterprise Sales,Completado,Tarjeta,1,22.80,7.20,0.08,22.80,1.82,20.98,7.20,13.78,2026-08-05
VEN-00038,2026-03-30,2026,3,Marzo,C001,Northwind Retail,Enterprise,retail,P007,DP-600 Exam Prep,Training,Data Days,R003,Sur,Espana,sur.manager@datadays.local,V005,Sofia Ramirez,Online,Completado,Transferencia,5,420.00,95.00,0.03,2100.00,63.00,2037.00,475.00,1562.00,2026-08-05
VEN-00039,2026-03-05,2026,3,Marzo,C003,Fabrikam Digital,Corporate,technology,P002,Power BI Pro,Business Intelligence,Microsoft,R004,Latam,Mexico,latam.manager@datadays.local,V005,Sofia Ramirez,Enterprise Sales,Pendiente,Orden de compra,3,13.70,4.10,0.00,41.10,0.00,41.10,12.30,28.80,2026-08-05
VEN-00040,2026-05-24,2026,5,Mayo,C008,Wide World Importers,Enterprise,distribution,P001,Fabric Capacity F64,Cloud Analytics,Microsoft,R004,Latam,Mexico,latam.manager@datadays.local,V002,Carlos Molina,Online,Pendiente,Orden de compra,6,820.00,510.00,0.10,4920.00,492.00,4428.00,3060.00,1368.00,2026-08-05
VEN-00041,2026-01-04,2026,1,Enero,C010,Blue Yonder Airlines,Enterprise,travel,P007,DP-600 Exam Prep,Training,Data Days,R003,Sur,Espana,sur.manager@datadays.local,V005,Sofia Ramirez,Online,Pendiente,Tarjeta,1,420.00,95.00,0.08,420.00,33.60,386.40,95.00,291.40,2026-08-05
VEN-00042,2026-01-12,2026,1,Enero,C002,Contoso Market,Enterprise,retail,P005,SQL Analytics Pack,Data Warehouse,Microsoft,R004,Latam,Mexico,latam.manager@datadays.local,V004,Miguel Santos,Online,Completado,Tarjeta,7,310.00,155.00,0.00,2170.00,0.00,2170.00,1085.00,1085.00,2026-08-05
VEN-00043,2026-04-19,2026,4,Abril,C003,Fabrikam Digital,Corporate,technology,P007,DP-600 Exam Prep,Training,Data Days,R001,Norte,Espana,norte.manager@datadays.local,V002,Carlos Molina,Online,Completado,Tarjeta,10,420.00,95.00,0.08,4200.00,336.00,3864.00,950.00,2914.00,2026-08-05
VEN-00044,2026-02-07,2026,2,Febrero,C007,Tailspin Toys,SMB,retail,P003,Power BI Premium User,Business Intelligence,Microsoft,R004,Latam,Mexico,latam.manager@datadays.local,V001,Ana Torres,Marketplace,Cancelado,Transferencia,2,22.80,7.20,0.08,45.60,3.65,41.95,14.40,27.55,2026-08-05
VEN-00045,2026-05-23,2026,5,Mayo,C004,Adventure Works,Corporate,manufacturing,P005,SQL Analytics Pack,Data Warehouse,Microsoft,R004,Latam,Mexico,latam.manager@datadays.local,V004,Miguel Santos,Partner,Completado,Tarjeta,7,310.00,155.00,0.00,2170.00,0.00,2170.00,1085.00,1085.00,2026-08-05
VEN-00046,2026-02-19,2026,2,Febrero,C002,Contoso Market,Enterprise,retail,P006,Data Engineering Workshop,Training,Data Days,R003,Sur,Espana,sur.manager@datadays.local,V001,Ana Torres,Online,Pendiente,Transferencia,4,680.00,180.00,0.10,2720.00,272.00,2448.00,720.00,1728.00,2026-08-05
VEN-00047,2026-06-08,2026,6,Junio,C001,Northwind Retail,Enterprise,retail,P007,DP-600 Exam Prep,Training,Data Days,R003,Sur,Espana,sur.manager@datadays.local,V005,Sofia Ramirez,Marketplace,Completado,Transferencia,10,420.00,95.00,0.05,4200.00,210.00,3990.00,950.00,3040.00,2026-08-05
VEN-00048,2026-06-28,2026,6,Junio,C003,Fabrikam Digital,Corporate,technology,P005,SQL Analytics Pack,Data Warehouse,Microsoft,R004,Latam,Mexico,latam.manager@datadays.local,V003,Lucia Perez,Partner,Completado,Orden de compra,9,310.00,155.00,0.08,2790.00,223.20,2566.80,1395.00,1171.80,2026-08-05
VEN-00049,2026-01-21,2026,1,Enero,C004,Adventure Works,Corporate,manufacturing,P003,Power BI Premium User,Business Intelligence,Microsoft,R004,Latam,Mexico,latam.manager@datadays.local,V005,Sofia Ramirez,Enterprise Sales,Cancelado,Transferencia,10,22.80,7.20,0.03,228.00,6.84,221.16,72.00,149.16,2026-08-05
VEN-00050,2026-05-11,2026,5,Mayo,C002,Contoso Market,Enterprise,retail,P008,Governance Advisory,Consulting,Data Days,R002,Centro,Espana,centro.manager@datadays.local,V002,Carlos Molina,Enterprise Sales,Cancelado,Orden de compra,8,1250.00,420.00,0.05,10000.00,500.00,9500.00,3360.00,6140.00,2026-08-05
VEN-00051,2026-02-20,2026,2,Febrero,C002,Contoso Market,Enterprise,retail,P008,Governance Advisory,Consulting,Data Days,R004,Latam,Mexico,latam.manager@datadays.local,V001,Ana Torres,Marketplace,Cancelado,Transferencia,3,1250.00,420.00,0.00,3750.00,0.00,3750.00,1260.00,2490.00,2026-08-05
VEN-00052,2026-03-29,2026,3,Marzo,C002,Contoso Market,Enterprise,retail,P008,Governance Advisory,Consulting,Data Days,R001,Norte,Espana,norte.manager@datadays.local,V005,Sofia Ramirez,Online,Cancelado,Tarjeta,3,1250.00,420.00,0.08,3750.00,300.00,3450.00,1260.00,2190.00,2026-08-05
VEN-00053,2026-04-25,2026,4,Abril,C010,Blue Yonder Airlines,Enterprise,travel,P005,SQL Analytics Pack,Data Warehouse,Microsoft,R001,Norte,Espana,norte.manager@datadays.local,V005,Sofia Ramirez,Online,Completado,Transferencia,11,310.00,155.00,0.00,3410.00,0.00,3410.00,1705.00,1705.00,2026-08-05
VEN-00054,2026-05-27,2026,5,Mayo,C008,Wide World Importers,Enterprise,distribution,P002,Power BI Pro,Business Intelligence,Microsoft,R002,Centro,Espana,centro.manager@datadays.local,V003,Lucia Perez,Partner,Completado,Transferencia,4,13.70,4.10,0.10,54.80,5.48,49.32,16.40,32.92,2026-08-05
VEN-00055,2026-01-24,2026,1,Enero,C009,Graphic Design Institute,Corporate,education,P008,Governance Advisory,Consulting,Data Days,R003,Sur,Espana,sur.manager@datadays.local,V001,Ana Torres,Partner,Pendiente,Transferencia,12,1250.00,420.00,0.10,15000.00,1500.00,13500.00,5040.00,8460.00,2026-08-05
VEN-00056,2026-02-17,2026,2,Febrero,C004,Adventure Works,Corporate,manufacturing,P004,Azure Data Lake Storage,Storage,Microsoft,R003,Sur,Espana,sur.manager@datadays.local,V004,Miguel Santos,Online,Pendiente,Transferencia,11,95.00,42.00,0.08,1045.00,83.60,961.40,462.00,499.40,2026-08-05
VEN-00057,2026-03-14,2026,3,Marzo,C009,Graphic Design Institute,Corporate,education,P001,Fabric Capacity F64,Cloud Analytics,Microsoft,R001,Norte,Espana,norte.manager@datadays.local,V001,Ana Torres,Partner,Completado,Tarjeta,4,820.00,510.00,0.03,3280.00,98.40,3181.60,2040.00,1141.60,2026-08-05
VEN-00058,2026-04-15,2026,4,Abril,C006,Proseware Labs,SMB,technology,P002,Power BI Pro,Business Intelligence,Microsoft,R003,Sur,Espana,sur.manager@datadays.local,V004,Miguel Santos,Marketplace,Completado,Tarjeta,2,13.70,4.10,0.03,27.40,0.82,26.58,8.20,18.38,2026-08-05
VEN-00059,2026-05-19,2026,5,Mayo,C003,Fabrikam Digital,Corporate,technology,P004,Azure Data Lake Storage,Storage,Microsoft,R003,Sur,Espana,sur.manager@datadays.local,V002,Carlos Molina,Marketplace,Completado,Orden de compra,1,95.00,42.00,0.00,95.00,0.00,95.00,42.00,53.00,2026-08-05
VEN-00060,2026-02-02,2026,2,Febrero,C002,Contoso Market,Enterprise,retail,P002,Power BI Pro,Business Intelligence,Microsoft,R001,Norte,Espana,norte.manager@datadays.local,V003,Lucia Perez,Enterprise Sales,Completado,Tarjeta,7,13.70,4.10,0.15,95.90,14.38,81.51,28.70,52.81,2026-08-05
VEN-00061,2026-04-25,2026,4,Abril,C001,Northwind Retail,Enterprise,retail,P003,Power BI Premium User,Business Intelligence,Microsoft,R002,Centro,Espana,centro.manager@datadays.local,V003,Lucia Perez,Partner,Cancelado,Orden de compra,6,22.80,7.20,0.00,136.80,0.00,136.80,43.20,93.60,2026-08-05
VEN-00062,2026-06-24,2026,6,Junio,C007,Tailspin Toys,SMB,retail,P006,Data Engineering Workshop,Training,Data Days,R001,Norte,Espana,norte.manager@datadays.local,V001,Ana Torres,Enterprise Sales,Pendiente,Tarjeta,1,680.00,180.00,0.00,680.00,0.00,680.00,180.00,500.00,2026-08-05
VEN-00063,2026-02-05,2026,2,Febrero,C003,Fabrikam Digital,Corporate,technology,P003,Power BI Premium User,Business Intelligence,Microsoft,R001,Norte,Espana,norte.manager@datadays.local,V004,Miguel Santos,Online,Pendiente,Orden de compra,8,22.80,7.20,0.15,182.40,27.36,155.04,57.60,97.44,2026-08-05
VEN-00064,2026-06-24,2026,6,Junio,C005,Litware Stores,SMB,retail,P002,Power BI Pro,Business Intelligence,Microsoft,R004,Latam,Mexico,latam.manager@datadays.local,V004,Miguel Santos,Marketplace,Completado,Orden de compra,12,13.70,4.10,0.00,164.40,0.00,164.40,49.20,115.20,2026-08-05
VEN-00065,2026-06-19,2026,6,Junio,C007,Tailspin Toys,SMB,retail,P005,SQL Analytics Pack,Data Warehouse,Microsoft,R004,Latam,Mexico,latam.manager@datadays.local,V004,Miguel Santos,Enterprise Sales,Pendiente,Tarjeta,4,310.00,155.00,0.08,1240.00,99.20,1140.80,620.00,520.80,2026-08-05
VEN-00066,2026-03-09,2026,3,Marzo,C001,Northwind Retail,Enterprise,retail,P004,Azure Data Lake Storage,Storage,Microsoft,R004,Latam,Mexico,latam.manager@datadays.local,V005,Sofia Ramirez,Marketplace,Completado,Orden de compra,9,95.00,42.00,0.00,855.00,0.00,855.00,378.00,477.00,2026-08-05
VEN-00067,2026-01-03,2026,1,Enero,C005,Litware Stores,SMB,retail,P006,Data Engineering Workshop,Training,Data Days,R004,Latam,Mexico,latam.manager@datadays.local,V001,Ana Torres,Partner,Completado,Tarjeta,7,680.00,180.00,0.15,4760.00,714.00,4046.00,1260.00,2786.00,2026-08-05
VEN-00068,2026-01-01,2026,1,Enero,C001,Northwind Retail,Enterprise,retail,P002,Power BI Pro,Business Intelligence,Microsoft,R002,Centro,Espana,centro.manager@datadays.local,V003,Lucia Perez,Partner,Pendiente,Orden de compra,8,13.70,4.10,0.08,109.60,8.77,100.83,32.80,68.03,2026-08-05
VEN-00069,2026-01-28,2026,1,Enero,C004,Adventure Works,Corporate,manufacturing,P008,Governance Advisory,Consulting,Data Days,R002,Centro,Espana,centro.manager@datadays.local,V002,Carlos Molina,Enterprise Sales,Pendiente,Orden de compra,7,1250.00,420.00,0.15,8750.00,1312.50,7437.50,2940.00,4497.50,2026-08-05
VEN-00070,2026-05-29,2026,5,Mayo,C003,Fabrikam Digital,Corporate,technology,P004,Azure Data Lake Storage,Storage,Microsoft,R001,Norte,Espana,norte.manager@datadays.local,V005,Sofia Ramirez,Enterprise Sales,Completado,Transferencia,6,95.00,42.00,0.03,570.00,17.10,552.90,252.00,300.90,2026-08-05
VEN-00071,2026-03-23,2026,3,Marzo,C010,Blue Yonder Airlines,Enterprise,travel,P001,Fabric Capacity F64,Cloud Analytics,Microsoft,R004,Latam,Mexico,latam.manager@datadays.local,V005,Sofia Ramirez,Online,Cancelado,Transferencia,1,820.00,510.00,0.10,820.00,82.00,738.00,510.00,228.00,2026-08-05
VEN-00072,2026-03-02,2026,3,Marzo,C009,Graphic Design Institute,Corporate,education,P001,Fabric Capacity F64,Cloud Analytics,Microsoft,R001,Norte,Espana,norte.manager@datadays.local,V001,Ana Torres,Partner,Completado,Transferencia,7,820.00,510.00,0.00,5740.00,0.00,5740.00,3570.00,2170.00,2026-08-05
VEN-00073,2026-02-24,2026,2,Febrero,C007,Tailspin Toys,SMB,retail,P006,Data Engineering Workshop,Training,Data Days,R004,Latam,Mexico,latam.manager@datadays.local,V005,Sofia Ramirez,Enterprise Sales,Pendiente,Orden de compra,2,680.00,180.00,0.00,1360.00,0.00,1360.00,360.00,1000.00,2026-08-05
VEN-00074,2026-05-30,2026,5,Mayo,C003,Fabrikam Digital,Corporate,technology,P002,Power BI Pro,Business Intelligence,Microsoft,R002,Centro,Espana,centro.manager@datadays.local,V002,Carlos Molina,Marketplace,Cancelado,Tarjeta,2,13.70,4.10,0.03,27.40,0.82,26.58,8.20,18.38,2026-08-05
VEN-00075,2026-05-23,2026,5,Mayo,C001,Northwind Retail,Enterprise,retail,P001,Fabric Capacity F64,Cloud Analytics,Microsoft,R003,Sur,Espana,sur.manager@datadays.local,V001,Ana Torres,Marketplace,Cancelado,Orden de compra,8,820.00,510.00,0.15,6560.00,984.00,5576.00,4080.00,1496.00,2026-08-05
VEN-00076,2026-04-29,2026,4,Abril,C009,Graphic Design Institute,Corporate,education,P004,Azure Data Lake Storage,Storage,Microsoft,R002,Centro,Espana,centro.manager@datadays.local,V003,Lucia Perez,Marketplace,Cancelado,Transferencia,2,95.00,42.00,0.05,190.00,9.50,180.50,84.00,96.50,2026-08-05
VEN-00077,2026-06-14,2026,6,Junio,C002,Contoso Market,Enterprise,retail,P001,Fabric Capacity F64,Cloud Analytics,Microsoft,R001,Norte,Espana,norte.manager@datadays.local,V003,Lucia Perez,Online,Completado,Tarjeta,4,820.00,510.00,0.03,3280.00,98.40,3181.60,2040.00,1141.60,2026-08-05
VEN-00078,2026-06-20,2026,6,Junio,C005,Litware Stores,SMB,retail,P005,SQL Analytics Pack,Data Warehouse,Microsoft,R004,Latam,Mexico,latam.manager@datadays.local,V001,Ana Torres,Partner,Completado,Transferencia,4,310.00,155.00,0.05,1240.00,62.00,1178.00,620.00,558.00,2026-08-05
VEN-00079,2026-03-05,2026,3,Marzo,C004,Adventure Works,Corporate,manufacturing,P008,Governance Advisory,Consulting,Data Days,R003,Sur,Espana,sur.manager@datadays.local,V003,Lucia Perez,Marketplace,Completado,Transferencia,9,1250.00,420.00,0.05,11250.00,562.50,10687.50,3780.00,6907.50,2026-08-05
VEN-00080,2026-01-11,2026,1,Enero,C007,Tailspin Toys,SMB,retail,P004,Azure Data Lake Storage,Storage,Microsoft,R004,Latam,Mexico,latam.manager@datadays.local,V004,Miguel Santos,Online,Completado,Transferencia,12,95.00,42.00,0.15,1140.00,171.00,969.00,504.00,465.00,2026-08-05
VEN-00081,2026-03-07,2026,3,Marzo,C008,Wide World Importers,Enterprise,distribution,P005,SQL Analytics Pack,Data Warehouse,Microsoft,R002,Centro,Espana,centro.manager@datadays.local,V004,Miguel Santos,Marketplace,Completado,Transferencia,6,310.00,155.00,0.08,1860.00,148.80,1711.20,930.00,781.20,2026-08-05
VEN-00082,2026-01-30,2026,1,Enero,C006,Proseware Labs,SMB,technology,P006,Data Engineering Workshop,Training,Data Days,R001,Norte,Espana,norte.manager@datadays.local,V002,Carlos Molina,Online,Completado,Transferencia,10,680.00,180.00,0.08,6800.00,544.00,6256.00,1800.00,4456.00,2026-08-05
VEN-00083,2026-02-12,2026,2,Febrero,C003,Fabrikam Digital,Corporate,technology,P002,Power BI Pro,Business Intelligence,Microsoft,R002,Centro,Espana,centro.manager@datadays.local,V004,Miguel Santos,Online,Completado,Transferencia,7,13.70,4.10,0.00,95.90,0.00,95.90,28.70,67.20,2026-08-05
VEN-00084,2026-04-28,2026,4,Abril,C003,Fabrikam Digital,Corporate,technology,P001,Fabric Capacity F64,Cloud Analytics,Microsoft,R003,Sur,Espana,sur.manager@datadays.local,V002,Carlos Molina,Marketplace,Completado,Tarjeta,5,820.00,510.00,0.03,4100.00,123.00,3977.00,2550.00,1427.00,2026-08-05
VEN-00085,2026-03-19,2026,3,Marzo,C005,Litware Stores,SMB,retail,P003,Power BI Premium User,Business Intelligence,Microsoft,R001,Norte,Espana,norte.manager@datadays.local,V003,Lucia Perez,Enterprise Sales,Cancelado,Transferencia,9,22.80,7.20,0.03,205.20,6.16,199.04,64.80,134.24,2026-08-05
VEN-00086,2026-03-28,2026,3,Marzo,C002,Contoso Market,Enterprise,retail,P004,Azure Data Lake Storage,Storage,Microsoft,R003,Sur,Espana,sur.manager@datadays.local,V002,Carlos Molina,Partner,Completado,Transferencia,11,95.00,42.00,0.05,1045.00,52.25,992.75,462.00,530.75,2026-08-05
VEN-00087,2026-01-27,2026,1,Enero,C010,Blue Yonder Airlines,Enterprise,travel,P001,Fabric Capacity F64,Cloud Analytics,Microsoft,R003,Sur,Espana,sur.manager@datadays.local,V004,Miguel Santos,Online,Cancelado,Tarjeta,8,820.00,510.00,0.15,6560.00,984.00,5576.00,4080.00,1496.00,2026-08-05
VEN-00088,2026-02-26,2026,2,Febrero,C003,Fabrikam Digital,Corporate,technology,P004,Azure Data Lake Storage,Storage,Microsoft,R002,Centro,Espana,centro.manager@datadays.local,V004,Miguel Santos,Enterprise Sales,Cancelado,Orden de compra,4,95.00,42.00,0.15,380.00,57.00,323.00,168.00,155.00,2026-08-05
VEN-00089,2026-01-04,2026,1,Enero,C009,Graphic Design Institute,Corporate,education,P004,Azure Data Lake Storage,Storage,Microsoft,R001,Norte,Espana,norte.manager@datadays.local,V003,Lucia Perez,Online,Cancelado,Transferencia,9,95.00,42.00,0.00,855.00,0.00,855.00,378.00,477.00,2026-08-05
VEN-00090,2026-03-30,2026,3,Marzo,C003,Fabrikam Digital,Corporate,technology,P004,Azure Data Lake Storage,Storage,Microsoft,R004,Latam,Mexico,latam.manager@datadays.local,V003,Lucia Perez,Online,Completado,Orden de compra,7,95.00,42.00,0.15,665.00,99.75,565.25,294.00,271.25,2026-08-05
VEN-00091,2026-05-19,2026,5,Mayo,C007,Tailspin Toys,SMB,retail,P006,Data Engineering Workshop,Training,Data Days,R001,Norte,Espana,norte.manager@datadays.local,V002,Carlos Molina,Online,Completado,Tarjeta,6,680.00,180.00,0.15,4080.00,612.00,3468.00,1080.00,2388.00,2026-08-05
VEN-00092,2026-02-21,2026,2,Febrero,C008,Wide World Importers,Enterprise,distribution,P008,Governance Advisory,Consulting,Data Days,R003,Sur,Espana,sur.manager@datadays.local,V003,Lucia Perez,Marketplace,Cancelado,Tarjeta,11,1250.00,420.00,0.10,13750.00,1375.00,12375.00,4620.00,7755.00,2026-08-05
VEN-00093,2026-01-28,2026,1,Enero,C002,Contoso Market,Enterprise,retail,P008,Governance Advisory,Consulting,Data Days,R001,Norte,Espana,norte.manager@datadays.local,V001,Ana Torres,Enterprise Sales,Cancelado,Transferencia,3,1250.00,420.00,0.00,3750.00,0.00,3750.00,1260.00,2490.00,2026-08-05
VEN-00094,2026-03-09,2026,3,Marzo,C006,Proseware Labs,SMB,technology,P003,Power BI Premium User,Business Intelligence,Microsoft,R003,Sur,Espana,sur.manager@datadays.local,V003,Lucia Perez,Marketplace,Completado,Transferencia,5,22.80,7.20,0.00,114.00,0.00,114.00,36.00,78.00,2026-08-05
VEN-00095,2026-02-07,2026,2,Febrero,C004,Adventure Works,Corporate,manufacturing,P005,SQL Analytics Pack,Data Warehouse,Microsoft,R003,Sur,Espana,sur.manager@datadays.local,V001,Ana Torres,Marketplace,Completado,Tarjeta,3,310.00,155.00,0.00,930.00,0.00,930.00,465.00,465.00,2026-08-05
VEN-00096,2026-05-31,2026,5,Mayo,C005,Litware Stores,SMB,retail,P008,Governance Advisory,Consulting,Data Days,R003,Sur,Espana,sur.manager@datadays.local,V004,Miguel Santos,Marketplace,Cancelado,Transferencia,5,1250.00,420.00,0.00,6250.00,0.00,6250.00,2100.00,4150.00,2026-08-05
VEN-00097,2026-01-21,2026,1,Enero,C005,Litware Stores,SMB,retail,P004,Azure Data Lake Storage,Storage,Microsoft,R001,Norte,Espana,norte.manager@datadays.local,V005,Sofia Ramirez,Enterprise Sales,Cancelado,Tarjeta,5,95.00,42.00,0.10,475.00,47.50,427.50,210.00,217.50,2026-08-05
VEN-00098,2026-04-03,2026,4,Abril,C010,Blue Yonder Airlines,Enterprise,travel,P003,Power BI Premium User,Business Intelligence,Microsoft,R004,Latam,Mexico,latam.manager@datadays.local,V003,Lucia Perez,Marketplace,Pendiente,Transferencia,4,22.80,7.20,0.15,91.20,13.68,77.52,28.80,48.72,2026-08-05
VEN-00099,2026-06-07,2026,6,Junio,C003,Fabrikam Digital,Corporate,technology,P004,Azure Data Lake Storage,Storage,Microsoft,R003,Sur,Espana,sur.manager@datadays.local,V003,Lucia Perez,Partner,Completado,Tarjeta,9,95.00,42.00,0.00,855.00,0.00,855.00,378.00,477.00,2026-08-05
VEN-00100,2026-03-13,2026,3,Marzo,C002,Contoso Market,Enterprise,retail,P001,Fabric Capacity F64,Cloud Analytics,Microsoft,R002,Centro,Espana,centro.manager@datadays.local,V001,Ana Torres,Online,Completado,Transferencia,1,820.00,510.00,0.15,820.00,123.00,697.00,510.00,187.00,2026-08-05
VEN-00101,2026-04-29,2026,4,Abril,C001,Northwind Retail,Enterprise,retail,P003,Power BI Premium User,Business Intelligence,Microsoft,R002,Centro,Espana,centro.manager@datadays.local,V003,Lucia Perez,Marketplace,Pendiente,Orden de compra,4,22.80,7.20,0.08,91.20,7.30,83.90,28.80,55.10,2026-08-05
VEN-00102,2026-04-30,2026,4,Abril,C009,Graphic Design Institute,Corporate,education,P005,SQL Analytics Pack,Data Warehouse,Microsoft,R002,Centro,Espana,centro.manager@datadays.local,V001,Ana Torres,Online,Completado,Transferencia,4,310.00,155.00,0.03,1240.00,37.20,1202.80,620.00,582.80,2026-08-05
VEN-00103,2026-04-20,2026,4,Abril,C006,Proseware Labs,SMB,technology,P001,Fabric Capacity F64,Cloud Analytics,Microsoft,R002,Centro,Espana,centro.manager@datadays.local,V002,Carlos Molina,Enterprise Sales,Pendiente,Transferencia,12,820.00,510.00,0.05,9840.00,492.00,9348.00,6120.00,3228.00,2026-08-05
VEN-00104,2026-05-06,2026,5,Mayo,C008,Wide World Importers,Enterprise,distribution,P005,SQL Analytics Pack,Data Warehouse,Microsoft,R002,Centro,Espana,centro.manager@datadays.local,V003,Lucia Perez,Online,Completado,Orden de compra,7,310.00,155.00,0.03,2170.00,65.10,2104.90,1085.00,1019.90,2026-08-05
VEN-00105,2026-02-16,2026,2,Febrero,C005,Litware Stores,SMB,retail,P003,Power BI Premium User,Business Intelligence,Microsoft,R003,Sur,Espana,sur.manager@datadays.local,V005,Sofia Ramirez,Online,Completado,Orden de compra,3,22.80,7.20,0.15,68.40,10.26,58.14,21.60,36.54,2026-08-05
VEN-00106,2026-01-30,2026,1,Enero,C007,Tailspin Toys,SMB,retail,P006,Data Engineering Workshop,Training,Data Days,R003,Sur,Espana,sur.manager@datadays.local,V003,Lucia Perez,Enterprise Sales,Completado,Tarjeta,8,680.00,180.00,0.03,5440.00,163.20,5276.80,1440.00,3836.80,2026-08-05
VEN-00107,2026-03-17,2026,3,Marzo,C001,Northwind Retail,Enterprise,retail,P005,SQL Analytics Pack,Data Warehouse,Microsoft,R003,Sur,Espana,sur.manager@datadays.local,V004,Miguel Santos,Partner,Completado,Transferencia,3,310.00,155.00,0.15,930.00,139.50,790.50,465.00,325.50,2026-08-05
VEN-00108,2026-01-21,2026,1,Enero,C007,Tailspin Toys,SMB,retail,P007,DP-600 Exam Prep,Training,Data Days,R003,Sur,Espana,sur.manager@datadays.local,V002,Carlos Molina,Partner,Pendiente,Transferencia,9,420.00,95.00,0.00,3780.00,0.00,3780.00,855.00,2925.00,2026-08-05
VEN-00109,2026-02-17,2026,2,Febrero,C006,Proseware Labs,SMB,technology,P006,Data Engineering Workshop,Training,Data Days,R004,Latam,Mexico,latam.manager@datadays.local,V002,Carlos Molina,Marketplace,Completado,Orden de compra,1,680.00,180.00,0.08,680.00,54.40,625.60,180.00,445.60,2026-08-05
VEN-00110,2026-03-29,2026,3,Marzo,C004,Adventure Works,Corporate,manufacturing,P001,Fabric Capacity F64,Cloud Analytics,Microsoft,R002,Centro,Espana,centro.manager@datadays.local,V004,Miguel Santos,Partner,Completado,Orden de compra,8,820.00,510.00,0.03,6560.00,196.80,6363.20,4080.00,2283.20,2026-08-05
VEN-00111,2026-06-01,2026,6,Junio,C006,Proseware Labs,SMB,technology,P008,Governance Advisory,Consulting,Data Days,R004,Latam,Mexico,latam.manager@datadays.local,V003,Lucia Perez,Online,Completado,Tarjeta,5,1250.00,420.00,0.08,6250.00,500.00,5750.00,2100.00,3650.00,2026-08-05
VEN-00112,2026-05-23,2026,5,Mayo,C005,Litware Stores,SMB,retail,P007,DP-600 Exam Prep,Training,Data Days,R001,Norte,Espana,norte.manager@datadays.local,V002,Carlos Molina,Partner,Cancelado,Tarjeta,2,420.00,95.00,0.05,840.00,42.00,798.00,190.00,608.00,2026-08-05
VEN-00113,2026-01-04,2026,1,Enero,C006,Proseware Labs,SMB,technology,P005,SQL Analytics Pack,Data Warehouse,Microsoft,R004,Latam,Mexico,latam.manager@datadays.local,V004,Miguel Santos,Enterprise Sales,Cancelado,Tarjeta,2,310.00,155.00,0.10,620.00,62.00,558.00,310.00,248.00,2026-08-05
VEN-00114,2026-03-26,2026,3,Marzo,C008,Wide World Importers,Enterprise,distribution,P005,SQL Analytics Pack,Data Warehouse,Microsoft,R004,Latam,Mexico,latam.manager@datadays.local,V002,Carlos Molina,Marketplace,Cancelado,Orden de compra,3,310.00,155.00,0.15,930.00,139.50,790.50,465.00,325.50,2026-08-05
VEN-00115,2026-01-08,2026,1,Enero,C002,Contoso Market,Enterprise,retail,P001,Fabric Capacity F64,Cloud Analytics,Microsoft,R001,Norte,Espana,norte.manager@datadays.local,V004,Miguel Santos,Online,Cancelado,Orden de compra,1,820.00,510.00,0.10,820.00,82.00,738.00,510.00,228.00,2026-08-05
VEN-00116,2026-02-23,2026,2,Febrero,C007,Tailspin Toys,SMB,retail,P001,Fabric Capacity F64,Cloud Analytics,Microsoft,R003,Sur,Espana,sur.manager@datadays.local,V001,Ana Torres,Online,Completado,Transferencia,12,820.00,510.00,0.10,9840.00,984.00,8856.00,6120.00,2736.00,2026-08-05
VEN-00117,2026-03-27,2026,3,Marzo,C006,Proseware Labs,SMB,technology,P002,Power BI Pro,Business Intelligence,Microsoft,R004,Latam,Mexico,latam.manager@datadays.local,V005,Sofia Ramirez,Marketplace,Pendiente,Tarjeta,10,13.70,4.10,0.10,137.00,13.70,123.30,41.00,82.30,2026-08-05
VEN-00118,2026-02-14,2026,2,Febrero,C002,Contoso Market,Enterprise,retail,P003,Power BI Premium User,Business Intelligence,Microsoft,R003,Sur,Espana,sur.manager@datadays.local,V004,Miguel Santos,Enterprise Sales,Completado,Transferencia,5,22.80,7.20,0.00,114.00,0.00,114.00,36.00,78.00,2026-08-05
VEN-00119,2026-04-13,2026,4,Abril,C010,Blue Yonder Airlines,Enterprise,travel,P001,Fabric Capacity F64,Cloud Analytics,Microsoft,R003,Sur,Espana,sur.manager@datadays.local,V004,Miguel Santos,Enterprise Sales,Cancelado,Orden de compra,2,820.00,510.00,0.10,1640.00,164.00,1476.00,1020.00,456.00,2026-08-05
VEN-00120,2026-02-21,2026,2,Febrero,C002,Contoso Market,Enterprise,retail,P008,Governance Advisory,Consulting,Data Days,R003,Sur,Espana,sur.manager@datadays.local,V004,Miguel Santos,Enterprise Sales,Cancelado,Orden de compra,5,1250.00,420.00,0.08,6250.00,500.00,5750.00,2100.00,3650.00,2026-08-05
VEN-00121,2026-06-22,2026,6,Junio,C002,Contoso Market,Enterprise,retail,P004,Azure Data Lake Storage,Storage,Microsoft,R002,Centro,Espana,centro.manager@datadays.local,V001,Ana Torres,Online,Cancelado,Tarjeta,10,95.00,42.00,0.03,950.00,28.50,921.50,420.00,501.50,2026-08-05
VEN-00122,2026-03-25,2026,3,Marzo,C002,Contoso Market,Enterprise,retail,P001,Fabric Capacity F64,Cloud Analytics,Microsoft,R004,Latam,Mexico,latam.manager@datadays.local,V002,Carlos Molina,Enterprise Sales,Pendiente,Tarjeta,10,820.00,510.00,0.05,8200.00,410.00,7790.00,5100.00,2690.00,2026-08-05
VEN-00123,2026-05-13,2026,5,Mayo,C005,Litware Stores,SMB,retail,P002,Power BI Pro,Business Intelligence,Microsoft,R001,Norte,Espana,norte.manager@datadays.local,V004,Miguel Santos,Online,Pendiente,Orden de compra,8,13.70,4.10,0.10,109.60,10.96,98.64,32.80,65.84,2026-08-05
VEN-00124,2026-04-28,2026,4,Abril,C009,Graphic Design Institute,Corporate,education,P004,Azure Data Lake Storage,Storage,Microsoft,R003,Sur,Espana,sur.manager@datadays.local,V003,Lucia Perez,Online,Completado,Transferencia,10,95.00,42.00,0.03,950.00,28.50,921.50,420.00,501.50,2026-08-05
VEN-00125,2026-05-02,2026,5,Mayo,C004,Adventure Works,Corporate,manufacturing,P004,Azure Data Lake Storage,Storage,Microsoft,R004,Latam,Mexico,latam.manager@datadays.local,V001,Ana Torres,Online,Completado,Orden de compra,4,95.00,42.00,0.03,380.00,11.40,368.60,168.00,200.60,2026-08-05
VEN-00126,2026-01-17,2026,1,Enero,C010,Blue Yonder Airlines,Enterprise,travel,P005,SQL Analytics Pack,Data Warehouse,Microsoft,R002,Centro,Espana,centro.manager@datadays.local,V002,Carlos Molina,Partner,Completado,Transferencia,8,310.00,155.00,0.15,2480.00,372.00,2108.00,1240.00,868.00,2026-08-05
VEN-00127,2026-03-18,2026,3,Marzo,C007,Tailspin Toys,SMB,retail,P002,Power BI Pro,Business Intelligence,Microsoft,R002,Centro,Espana,centro.manager@datadays.local,V001,Ana Torres,Online,Cancelado,Orden de compra,8,13.70,4.10,0.05,109.60,5.48,104.12,32.80,71.32,2026-08-05
VEN-00128,2026-04-27,2026,4,Abril,C001,Northwind Retail,Enterprise,retail,P002,Power BI Pro,Business Intelligence,Microsoft,R001,Norte,Espana,norte.manager@datadays.local,V004,Miguel Santos,Marketplace,Pendiente,Transferencia,10,13.70,4.10,0.00,137.00,0.00,137.00,41.00,96.00,2026-08-05
VEN-00129,2026-05-24,2026,5,Mayo,C008,Wide World Importers,Enterprise,distribution,P004,Azure Data Lake Storage,Storage,Microsoft,R002,Centro,Espana,centro.manager@datadays.local,V002,Carlos Molina,Online,Completado,Transferencia,12,95.00,42.00,0.05,1140.00,57.00,1083.00,504.00,579.00,2026-08-05
VEN-00130,2026-02-06,2026,2,Febrero,C005,Litware Stores,SMB,retail,P008,Governance Advisory,Consulting,Data Days,R004,Latam,Mexico,latam.manager@datadays.local,V001,Ana Torres,Partner,Completado,Tarjeta,1,1250.00,420.00,0.10,1250.00,125.00,1125.00,420.00,705.00,2026-08-05
VEN-00131,2026-05-03,2026,5,Mayo,C005,Litware Stores,SMB,retail,P006,Data Engineering Workshop,Training,Data Days,R002,Centro,Espana,centro.manager@datadays.local,V001,Ana Torres,Enterprise Sales,Completado,Tarjeta,6,680.00,180.00,0.15,4080.00,612.00,3468.00,1080.00,2388.00,2026-08-05
VEN-00132,2026-02-20,2026,2,Febrero,C010,Blue Yonder Airlines,Enterprise,travel,P007,DP-600 Exam Prep,Training,Data Days,R002,Centro,Espana,centro.manager@datadays.local,V002,Carlos Molina,Enterprise Sales,Pendiente,Transferencia,2,420.00,95.00,0.03,840.00,25.20,814.80,190.00,624.80,2026-08-05
VEN-00133,2026-01-07,2026,1,Enero,C006,Proseware Labs,SMB,technology,P002,Power BI Pro,Business Intelligence,Microsoft,R004,Latam,Mexico,latam.manager@datadays.local,V003,Lucia Perez,Enterprise Sales,Completado,Transferencia,6,13.70,4.10,0.03,82.20,2.47,79.73,24.60,55.13,2026-08-05
VEN-00134,2026-05-28,2026,5,Mayo,C002,Contoso Market,Enterprise,retail,P005,SQL Analytics Pack,Data Warehouse,Microsoft,R004,Latam,Mexico,latam.manager@datadays.local,V002,Carlos Molina,Enterprise Sales,Pendiente,Tarjeta,9,310.00,155.00,0.15,2790.00,418.50,2371.50,1395.00,976.50,2026-08-05
VEN-00135,2026-06-20,2026,6,Junio,C004,Adventure Works,Corporate,manufacturing,P002,Power BI Pro,Business Intelligence,Microsoft,R001,Norte,Espana,norte.manager@datadays.local,V005,Sofia Ramirez,Enterprise Sales,Completado,Orden de compra,4,13.70,4.10,0.05,54.80,2.74,52.06,16.40,35.66,2026-08-05
VEN-00136,2026-01-26,2026,1,Enero,C001,Northwind Retail,Enterprise,retail,P003,Power BI Premium User,Business Intelligence,Microsoft,R001,Norte,Espana,norte.manager@datadays.local,V001,Ana Torres,Marketplace,Cancelado,Transferencia,6,22.80,7.20,0.03,136.80,4.10,132.70,43.20,89.50,2026-08-05
VEN-00137,2026-04-27,2026,4,Abril,C003,Fabrikam Digital,Corporate,technology,P008,Governance Advisory,Consulting,Data Days,R004,Latam,Mexico,latam.manager@datadays.local,V003,Lucia Perez,Partner,Completado,Tarjeta,12,1250.00,420.00,0.15,15000.00,2250.00,12750.00,5040.00,7710.00,2026-08-05
VEN-00138,2026-03-29,2026,3,Marzo,C001,Northwind Retail,Enterprise,retail,P008,Governance Advisory,Consulting,Data Days,R001,Norte,Espana,norte.manager@datadays.local,V001,Ana Torres,Marketplace,Completado,Orden de compra,3,1250.00,420.00,0.05,3750.00,187.50,3562.50,1260.00,2302.50,2026-08-05
VEN-00139,2026-03-09,2026,3,Marzo,C004,Adventure Works,Corporate,manufacturing,P003,Power BI Premium User,Business Intelligence,Microsoft,R001,Norte,Espana,norte.manager@datadays.local,V005,Sofia Ramirez,Marketplace,Completado,Orden de compra,12,22.80,7.20,0.08,273.60,21.89,251.71,86.40,165.31,2026-08-05
VEN-00140,2026-06-19,2026,6,Junio,C009,Graphic Design Institute,Corporate,education,P007,DP-600 Exam Prep,Training,Data Days,R004,Latam,Mexico,latam.manager@datadays.local,V004,Miguel Santos,Marketplace,Completado,Orden de compra,5,420.00,95.00,0.00,2100.00,0.00,2100.00,475.00,1625.00,2026-08-05
VEN-00141,2026-04-30,2026,4,Abril,C001,Northwind Retail,Enterprise,retail,P006,Data Engineering Workshop,Training,Data Days,R001,Norte,Espana,norte.manager@datadays.local,V003,Lucia Perez,Online,Completado,Tarjeta,7,680.00,180.00,0.08,4760.00,380.80,4379.20,1260.00,3119.20,2026-08-05
VEN-00142,2026-04-22,2026,4,Abril,C006,Proseware Labs,SMB,technology,P003,Power BI Premium User,Business Intelligence,Microsoft,R003,Sur,Espana,sur.manager@datadays.local,V004,Miguel Santos,Online,Pendiente,Tarjeta,1,22.80,7.20,0.05,22.80,1.14,21.66,7.20,14.46,2026-08-05
VEN-00143,2026-04-05,2026,4,Abril,C008,Wide World Importers,Enterprise,distribution,P007,DP-600 Exam Prep,Training,Data Days,R004,Latam,Mexico,latam.manager@datadays.local,V001,Ana Torres,Enterprise Sales,Completado,Orden de compra,5,420.00,95.00,0.03,2100.00,63.00,2037.00,475.00,1562.00,2026-08-05
VEN-00144,2026-05-25,2026,5,Mayo,C003,Fabrikam Digital,Corporate,technology,P003,Power BI Premium User,Business Intelligence,Microsoft,R002,Centro,Espana,centro.manager@datadays.local,V001,Ana Torres,Enterprise Sales,Pendiente,Tarjeta,2,22.80,7.20,0.10,45.60,4.56,41.04,14.40,26.64,2026-08-05
VEN-00145,2026-04-18,2026,4,Abril,C007,Tailspin Toys,SMB,retail,P002,Power BI Pro,Business Intelligence,Microsoft,R004,Latam,Mexico,latam.manager@datadays.local,V005,Sofia Ramirez,Partner,Completado,Transferencia,11,13.70,4.10,0.03,150.70,4.52,146.18,45.10,101.08,2026-08-05
VEN-00146,2026-06-30,2026,6,Junio,C002,Contoso Market,Enterprise,retail,P007,DP-600 Exam Prep,Training,Data Days,R003,Sur,Espana,sur.manager@datadays.local,V005,Sofia Ramirez,Partner,Completado,Transferencia,9,420.00,95.00,0.00,3780.00,0.00,3780.00,855.00,2925.00,2026-08-05
VEN-00147,2026-05-15,2026,5,Mayo,C010,Blue Yonder Airlines,Enterprise,travel,P008,Governance Advisory,Consulting,Data Days,R004,Latam,Mexico,latam.manager@datadays.local,V002,Carlos Molina,Partner,Completado,Transferencia,3,1250.00,420.00,0.15,3750.00,562.50,3187.50,1260.00,1927.50,2026-08-05
VEN-00148,2026-06-16,2026,6,Junio,C005,Litware Stores,SMB,retail,P007,DP-600 Exam Prep,Training,Data Days,R002,Centro,Espana,centro.manager@datadays.local,V005,Sofia Ramirez,Marketplace,Completado,Orden de compra,7,420.00,95.00,0.05,2940.00,147.00,2793.00,665.00,2128.00,2026-08-05
VEN-00149,2026-02-14,2026,2,Febrero,C005,Litware Stores,SMB,retail,P005,SQL Analytics Pack,Data Warehouse,Microsoft,R002,Centro,Espana,centro.manager@datadays.local,V004,Miguel Santos,Online,Completado,Transferencia,10,310.00,155.00,0.03,3100.00,93.00,3007.00,1550.00,1457.00,2026-08-05
VEN-00150,2026-01-23,2026,1,Enero,C009,Graphic Design Institute,Corporate,education,P006,Data Engineering Workshop,Training,Data Days,R002,Centro,Espana,centro.manager@datadays.local,V002,Carlos Molina,Partner,Completado,Transferencia,10,680.00,180.00,0.15,6800.00,1020.00,5780.00,1800.00,3980.00,2026-08-05
VEN-00151,2026-02-14,2026,2,Febrero,C006,Proseware Labs,SMB,technology,P008,Governance Advisory,Consulting,Data Days,R001,Norte,Espana,norte.manager@datadays.local,V003,Lucia Perez,Partner,Cancelado,Orden de compra,12,1250.00,420.00,0.05,15000.00,750.00,14250.00,5040.00,9210.00,2026-08-05
VEN-00152,2026-05-01,2026,5,Mayo,C006,Proseware Labs,SMB,technology,P003,Power BI Premium User,Business Intelligence,Microsoft,R004,Latam,Mexico,latam.manager@datadays.local,V001,Ana Torres,Online,Cancelado,Orden de compra,11,22.80,7.20,0.03,250.80,7.52,243.28,79.20,164.08,2026-08-05
VEN-00153,2026-02-16,2026,2,Febrero,C002,Contoso Market,Enterprise,retail,P002,Power BI Pro,Business Intelligence,Microsoft,R003,Sur,Espana,sur.manager@datadays.local,V005,Sofia Ramirez,Marketplace,Pendiente,Orden de compra,2,13.70,4.10,0.00,27.40,0.00,27.40,8.20,19.20,2026-08-05
VEN-00154,2026-02-06,2026,2,Febrero,C003,Fabrikam Digital,Corporate,technology,P003,Power BI Premium User,Business Intelligence,Microsoft,R004,Latam,Mexico,latam.manager@datadays.local,V002,Carlos Molina,Online,Pendiente,Orden de compra,5,22.80,7.20,0.00,114.00,0.00,114.00,36.00,78.00,2026-08-05
VEN-00155,2026-01-16,2026,1,Enero,C006,Proseware Labs,SMB,technology,P006,Data Engineering Workshop,Training,Data Days,R001,Norte,Espana,norte.manager@datadays.local,V003,Lucia Perez,Enterprise Sales,Cancelado,Orden de compra,11,680.00,180.00,0.05,7480.00,374.00,7106.00,1980.00,5126.00,2026-08-05
VEN-00156,2026-01-22,2026,1,Enero,C010,Blue Yonder Airlines,Enterprise,travel,P001,Fabric Capacity F64,Cloud Analytics,Microsoft,R004,Latam,Mexico,latam.manager@datadays.local,V001,Ana Torres,Online,Cancelado,Orden de compra,12,820.00,510.00,0.08,9840.00,787.20,9052.80,6120.00,2932.80,2026-08-05
VEN-00157,2026-05-11,2026,5,Mayo,C001,Northwind Retail,Enterprise,retail,P004,Azure Data Lake Storage,Storage,Microsoft,R002,Centro,Espana,centro.manager@datadays.local,V001,Ana Torres,Online,Completado,Tarjeta,7,95.00,42.00,0.00,665.00,0.00,665.00,294.00,371.00,2026-08-05
VEN-00158,2026-05-13,2026,5,Mayo,C010,Blue Yonder Airlines,Enterprise,travel,P006,Data Engineering Workshop,Training,Data Days,R001,Norte,Espana,norte.manager@datadays.local,V004,Miguel Santos,Enterprise Sales,Completado,Orden de compra,9,680.00,180.00,0.00,6120.00,0.00,6120.00,1620.00,4500.00,2026-08-05
VEN-00159,2026-03-17,2026,3,Marzo,C009,Graphic Design Institute,Corporate,education,P006,Data Engineering Workshop,Training,Data Days,R004,Latam,Mexico,latam.manager@datadays.local,V002,Carlos Molina,Partner,Completado,Transferencia,6,680.00,180.00,0.00,4080.00,0.00,4080.00,1080.00,3000.00,2026-08-05
VEN-00160,2026-06-14,2026,6,Junio,C004,Adventure Works,Corporate,manufacturing,P004,Azure Data Lake Storage,Storage,Microsoft,R002,Centro,Espana,centro.manager@datadays.local,V004,Miguel Santos,Marketplace,Pendiente,Transferencia,10,95.00,42.00,0.15,950.00,142.50,807.50,420.00,387.50,2026-08-05
VEN-00161,2026-05-18,2026,5,Mayo,C004,Adventure Works,Corporate,manufacturing,P003,Power BI Premium User,Business Intelligence,Microsoft,R004,Latam,Mexico,latam.manager@datadays.local,V004,Miguel Santos,Enterprise Sales,Completado,Tarjeta,12,22.80,7.20,0.15,273.60,41.04,232.56,86.40,146.16,2026-08-05
VEN-00162,2026-06-01,2026,6,Junio,C010,Blue Yonder Airlines,Enterprise,travel,P001,Fabric Capacity F64,Cloud Analytics,Microsoft,R002,Centro,Espana,centro.manager@datadays.local,V002,Carlos Molina,Online,Completado,Transferencia,4,820.00,510.00,0.00,3280.00,0.00,3280.00,2040.00,1240.00,2026-08-05
VEN-00163,2026-01-26,2026,1,Enero,C008,Wide World Importers,Enterprise,distribution,P002,Power BI Pro,Business Intelligence,Microsoft,R001,Norte,Espana,norte.manager@datadays.local,V005,Sofia Ramirez,Online,Cancelado,Orden de compra,11,13.70,4.10,0.03,150.70,4.52,146.18,45.10,101.08,2026-08-05
VEN-00164,2026-03-28,2026,3,Marzo,C001,Northwind Retail,Enterprise,retail,P005,SQL Analytics Pack,Data Warehouse,Microsoft,R001,Norte,Espana,norte.manager@datadays.local,V004,Miguel Santos,Marketplace,Completado,Tarjeta,12,310.00,155.00,0.08,3720.00,297.60,3422.40,1860.00,1562.40,2026-08-05
VEN-00165,2026-06-28,2026,6,Junio,C004,Adventure Works,Corporate,manufacturing,P002,Power BI Pro,Business Intelligence,Microsoft,R003,Sur,Espana,sur.manager@datadays.local,V005,Sofia Ramirez,Partner,Cancelado,Tarjeta,7,13.70,4.10,0.10,95.90,9.59,86.31,28.70,57.61,2026-08-05
VEN-00166,2026-04-27,2026,4,Abril,C004,Adventure Works,Corporate,manufacturing,P002,Power BI Pro,Business Intelligence,Microsoft,R003,Sur,Espana,sur.manager@datadays.local,V001,Ana Torres,Online,Completado,Orden de compra,8,13.70,4.10,0.00,109.60,0.00,109.60,32.80,76.80,2026-08-05
VEN-00167,2026-03-15,2026,3,Marzo,C007,Tailspin Toys,SMB,retail,P007,DP-600 Exam Prep,Training,Data Days,R001,Norte,Espana,norte.manager@datadays.local,V005,Sofia Ramirez,Online,Completado,Transferencia,7,420.00,95.00,0.00,2940.00,0.00,2940.00,665.00,2275.00,2026-08-05
VEN-00168,2026-06-25,2026,6,Junio,C005,Litware Stores,SMB,retail,P002,Power BI Pro,Business Intelligence,Microsoft,R004,Latam,Mexico,latam.manager@datadays.local,V002,Carlos Molina,Partner,Pendiente,Orden de compra,12,13.70,4.10,0.00,164.40,0.00,164.40,49.20,115.20,2026-08-05
VEN-00169,2026-06-13,2026,6,Junio,C010,Blue Yonder Airlines,Enterprise,travel,P008,Governance Advisory,Consulting,Data Days,R004,Latam,Mexico,latam.manager@datadays.local,V002,Carlos Molina,Online,Completado,Transferencia,8,1250.00,420.00,0.05,10000.00,500.00,9500.00,3360.00,6140.00,2026-08-05
VEN-00170,2026-05-24,2026,5,Mayo,C004,Adventure Works,Corporate,manufacturing,P006,Data Engineering Workshop,Training,Data Days,R003,Sur,Espana,sur.manager@datadays.local,V004,Miguel Santos,Enterprise Sales,Completado,Orden de compra,5,680.00,180.00,0.15,3400.00,510.00,2890.00,900.00,1990.00,2026-08-05
VEN-00171,2026-06-14,2026,6,Junio,C001,Northwind Retail,Enterprise,retail,P002,Power BI Pro,Business Intelligence,Microsoft,R001,Norte,Espana,norte.manager@datadays.local,V005,Sofia Ramirez,Partner,Cancelado,Tarjeta,7,13.70,4.10,0.15,95.90,14.38,81.51,28.70,52.81,2026-08-05
VEN-00172,2026-03-22,2026,3,Marzo,C010,Blue Yonder Airlines,Enterprise,travel,P007,DP-600 Exam Prep,Training,Data Days,R003,Sur,Espana,sur.manager@datadays.local,V002,Carlos Molina,Online,Completado,Transferencia,12,420.00,95.00,0.15,5040.00,756.00,4284.00,1140.00,3144.00,2026-08-05
VEN-00173,2026-05-30,2026,5,Mayo,C003,Fabrikam Digital,Corporate,technology,P008,Governance Advisory,Consulting,Data Days,R002,Centro,Espana,centro.manager@datadays.local,V005,Sofia Ramirez,Online,Completado,Tarjeta,7,1250.00,420.00,0.05,8750.00,437.50,8312.50,2940.00,5372.50,2026-08-05
VEN-00174,2026-03-27,2026,3,Marzo,C008,Wide World Importers,Enterprise,distribution,P007,DP-600 Exam Prep,Training,Data Days,R004,Latam,Mexico,latam.manager@datadays.local,V005,Sofia Ramirez,Enterprise Sales,Cancelado,Orden de compra,2,420.00,95.00,0.00,840.00,0.00,840.00,190.00,650.00,2026-08-05
VEN-00175,2026-06-04,2026,6,Junio,C003,Fabrikam Digital,Corporate,technology,P006,Data Engineering Workshop,Training,Data Days,R004,Latam,Mexico,latam.manager@datadays.local,V005,Sofia Ramirez,Partner,Completado,Transferencia,10,680.00,180.00,0.00,6800.00,0.00,6800.00,1800.00,5000.00,2026-08-05
VEN-00176,2026-05-21,2026,5,Mayo,C010,Blue Yonder Airlines,Enterprise,travel,P004,Azure Data Lake Storage,Storage,Microsoft,R003,Sur,Espana,sur.manager@datadays.local,V004,Miguel Santos,Enterprise Sales,Completado,Tarjeta,9,95.00,42.00,0.08,855.00,68.40,786.60,378.00,408.60,2026-08-05
VEN-00177,2026-01-16,2026,1,Enero,C007,Tailspin Toys,SMB,retail,P001,Fabric Capacity F64,Cloud Analytics,Microsoft,R001,Norte,Espana,norte.manager@datadays.local,V005,Sofia Ramirez,Partner,Completado,Orden de compra,11,820.00,510.00,0.03,9020.00,270.60,8749.40,5610.00,3139.40,2026-08-05
VEN-00178,2026-01-24,2026,1,Enero,C009,Graphic Design Institute,Corporate,education,P006,Data Engineering Workshop,Training,Data Days,R004,Latam,Mexico,latam.manager@datadays.local,V001,Ana Torres,Partner,Cancelado,Transferencia,4,680.00,180.00,0.08,2720.00,217.60,2502.40,720.00,1782.40,2026-08-05
VEN-00179,2026-04-23,2026,4,Abril,C002,Contoso Market,Enterprise,retail,P006,Data Engineering Workshop,Training,Data Days,R002,Centro,Espana,centro.manager@datadays.local,V005,Sofia Ramirez,Online,Completado,Orden de compra,11,680.00,180.00,0.03,7480.00,224.40,7255.60,1980.00,5275.60,2026-08-05
VEN-00180,2026-06-18,2026,6,Junio,C009,Graphic Design Institute,Corporate,education,P008,Governance Advisory,Consulting,Data Days,R002,Centro,Espana,centro.manager@datadays.local,V003,Lucia Perez,Partner,Completado,Orden de compra,3,1250.00,420.00,0.03,3750.00,112.50,3637.50,1260.00,2377.50,2026-08-05
VEN-00181,2026-01-19,2026,1,Enero,C007,Tailspin Toys,SMB,retail,P006,Data Engineering Workshop,Training,Data Days,R003,Sur,Espana,sur.manager@datadays.local,V003,Lucia Perez,Marketplace,Pendiente,Transferencia,6,680.00,180.00,0.15,4080.00,612.00,3468.00,1080.00,2388.00,2026-08-05
VEN-00182,2026-04-19,2026,4,Abril,C006,Proseware Labs,SMB,technology,P003,Power BI Premium User,Business Intelligence,Microsoft,R003,Sur,Espana,sur.manager@datadays.local,V004,Miguel Santos,Marketplace,Completado,Transferencia,11,22.80,7.20,0.08,250.80,20.06,230.74,79.20,151.54,2026-08-05
VEN-00183,2026-02-10,2026,2,Febrero,C008,Wide World Importers,Enterprise,distribution,P007,DP-600 Exam Prep,Training,Data Days,R003,Sur,Espana,sur.manager@datadays.local,V002,Carlos Molina,Partner,Completado,Tarjeta,12,420.00,95.00,0.15,5040.00,756.00,4284.00,1140.00,3144.00,2026-08-05
VEN-00184,2026-04-22,2026,4,Abril,C003,Fabrikam Digital,Corporate,technology,P004,Azure Data Lake Storage,Storage,Microsoft,R001,Norte,Espana,norte.manager@datadays.local,V003,Lucia Perez,Enterprise Sales,Completado,Orden de compra,2,95.00,42.00,0.15,190.00,28.50,161.50,84.00,77.50,2026-08-05
VEN-00185,2026-02-27,2026,2,Febrero,C006,Proseware Labs,SMB,technology,P007,DP-600 Exam Prep,Training,Data Days,R001,Norte,Espana,norte.manager@datadays.local,V004,Miguel Santos,Online,Completado,Orden de compra,3,420.00,95.00,0.05,1260.00,63.00,1197.00,285.00,912.00,2026-08-05
VEN-00186,2026-06-26,2026,6,Junio,C007,Tailspin Toys,SMB,retail,P002,Power BI Pro,Business Intelligence,Microsoft,R002,Centro,Espana,centro.manager@datadays.local,V001,Ana Torres,Enterprise Sales,Cancelado,Tarjeta,7,13.70,4.10,0.08,95.90,7.67,88.23,28.70,59.53,2026-08-05
VEN-00187,2026-01-29,2026,1,Enero,C004,Adventure Works,Corporate,manufacturing,P006,Data Engineering Workshop,Training,Data Days,R004,Latam,Mexico,latam.manager@datadays.local,V005,Sofia Ramirez,Online,Completado,Tarjeta,1,680.00,180.00,0.00,680.00,0.00,680.00,180.00,500.00,2026-08-05
VEN-00188,2026-03-01,2026,3,Marzo,C006,Proseware Labs,SMB,technology,P008,Governance Advisory,Consulting,Data Days,R004,Latam,Mexico,latam.manager@datadays.local,V001,Ana Torres,Marketplace,Completado,Transferencia,5,1250.00,420.00,0.03,6250.00,187.50,6062.50,2100.00,3962.50,2026-08-05
VEN-00189,2026-02-19,2026,2,Febrero,C005,Litware Stores,SMB,retail,P008,Governance Advisory,Consulting,Data Days,R002,Centro,Espana,centro.manager@datadays.local,V002,Carlos Molina,Enterprise Sales,Pendiente,Orden de compra,10,1250.00,420.00,0.05,12500.00,625.00,11875.00,4200.00,7675.00,2026-08-05
VEN-00190,2026-05-08,2026,5,Mayo,C008,Wide World Importers,Enterprise,distribution,P001,Fabric Capacity F64,Cloud Analytics,Microsoft,R003,Sur,Espana,sur.manager@datadays.local,V002,Carlos Molina,Online,Pendiente,Orden de compra,1,820.00,510.00,0.03,820.00,24.60,795.40,510.00,285.40,2026-08-05
VEN-00191,2026-02-13,2026,2,Febrero,C008,Wide World Importers,Enterprise,distribution,P001,Fabric Capacity F64,Cloud Analytics,Microsoft,R002,Centro,Espana,centro.manager@datadays.local,V005,Sofia Ramirez,Online,Completado,Transferencia,5,820.00,510.00,0.00,4100.00,0.00,4100.00,2550.00,1550.00,2026-08-05
VEN-00192,2026-03-06,2026,3,Marzo,C002,Contoso Market,Enterprise,retail,P008,Governance Advisory,Consulting,Data Days,R002,Centro,Espana,centro.manager@datadays.local,V003,Lucia Perez,Marketplace,Completado,Transferencia,8,1250.00,420.00,0.00,10000.00,0.00,10000.00,3360.00,6640.00,2026-08-05
VEN-00193,2026-04-21,2026,4,Abril,C010,Blue Yonder Airlines,Enterprise,travel,P008,Governance Advisory,Consulting,Data Days,R003,Sur,Espana,sur.manager@datadays.local,V004,Miguel Santos,Marketplace,Completado,Orden de compra,11,1250.00,420.00,0.08,13750.00,1100.00,12650.00,4620.00,8030.00,2026-08-05
VEN-00194,2026-03-22,2026,3,Marzo,C007,Tailspin Toys,SMB,retail,P007,DP-600 Exam Prep,Training,Data Days,R004,Latam,Mexico,latam.manager@datadays.local,V001,Ana Torres,Marketplace,Completado,Transferencia,6,420.00,95.00,0.00,2520.00,0.00,2520.00,570.00,1950.00,2026-08-05
VEN-00195,2026-06-11,2026,6,Junio,C003,Fabrikam Digital,Corporate,technology,P005,SQL Analytics Pack,Data Warehouse,Microsoft,R002,Centro,Espana,centro.manager@datadays.local,V005,Sofia Ramirez,Partner,Completado,Tarjeta,4,310.00,155.00,0.10,1240.00,124.00,1116.00,620.00,496.00,2026-08-05
VEN-00196,2026-06-05,2026,6,Junio,C009,Graphic Design Institute,Corporate,education,P003,Power BI Premium User,Business Intelligence,Microsoft,R003,Sur,Espana,sur.manager@datadays.local,V001,Ana Torres,Partner,Cancelado,Tarjeta,10,22.80,7.20,0.15,228.00,34.20,193.80,72.00,121.80,2026-08-05
VEN-00197,2026-02-28,2026,2,Febrero,C009,Graphic Design Institute,Corporate,education,P003,Power BI Premium User,Business Intelligence,Microsoft,R001,Norte,Espana,norte.manager@datadays.local,V001,Ana Torres,Partner,Cancelado,Orden de compra,3,22.80,7.20,0.10,68.40,6.84,61.56,21.60,39.96,2026-08-05
VEN-00198,2026-01-23,2026,1,Enero,C003,Fabrikam Digital,Corporate,technology,P004,Azure Data Lake Storage,Storage,Microsoft,R003,Sur,Espana,sur.manager@datadays.local,V005,Sofia Ramirez,Online,Pendiente,Orden de compra,4,95.00,42.00,0.00,380.00,0.00,380.00,168.00,212.00,2026-08-05
VEN-00199,2026-02-12,2026,2,Febrero,C010,Blue Yonder Airlines,Enterprise,travel,P007,DP-600 Exam Prep,Training,Data Days,R001,Norte,Espana,norte.manager@datadays.local,V004,Miguel Santos,Enterprise Sales,Cancelado,Orden de compra,4,420.00,95.00,0.00,1680.00,0.00,1680.00,380.00,1300.00,2026-08-05
VEN-00200,2026-03-23,2026,3,Marzo,C008,Wide World Importers,Enterprise,distribution,P008,Governance Advisory,Consulting,Data Days,R003,Sur,Espana,sur.manager@datadays.local,V004,Miguel Santos,Partner,Pendiente,Tarjeta,8,1250.00,420.00,0.00,10000.00,0.00,10000.00,3360.00,6640.00,2026-08-05
VEN-00201,2026-02-28,2026,2,Febrero,C004,Adventure Works,Corporate,manufacturing,P008,Governance Advisory,Consulting,Data Days,R002,Centro,Espana,centro.manager@datadays.local,V004,Miguel Santos,Enterprise Sales,Completado,Transferencia,8,1250.00,420.00,0.05,10000.00,500.00,9500.00,3360.00,6140.00,2026-08-05
VEN-00202,2026-04-22,2026,4,Abril,C005,Litware Stores,SMB,retail,P004,Azure Data Lake Storage,Storage,Microsoft,R001,Norte,Espana,norte.manager@datadays.local,V005,Sofia Ramirez,Marketplace,Pendiente,Orden de compra,6,95.00,42.00,0.03,570.00,17.10,552.90,252.00,300.90,2026-08-05
VEN-00203,2026-05-05,2026,5,Mayo,C004,Adventure Works,Corporate,manufacturing,P005,SQL Analytics Pack,Data Warehouse,Microsoft,R002,Centro,Espana,centro.manager@datadays.local,V004,Miguel Santos,Partner,Pendiente,Transferencia,7,310.00,155.00,0.10,2170.00,217.00,1953.00,1085.00,868.00,2026-08-05
VEN-00204,2026-03-27,2026,3,Marzo,C008,Wide World Importers,Enterprise,distribution,P003,Power BI Premium User,Business Intelligence,Microsoft,R002,Centro,Espana,centro.manager@datadays.local,V001,Ana Torres,Enterprise Sales,Pendiente,Orden de compra,5,22.80,7.20,0.10,114.00,11.40,102.60,36.00,66.60,2026-08-05
VEN-00205,2026-05-28,2026,5,Mayo,C009,Graphic Design Institute,Corporate,education,P005,SQL Analytics Pack,Data Warehouse,Microsoft,R004,Latam,Mexico,latam.manager@datadays.local,V001,Ana Torres,Marketplace,Cancelado,Tarjeta,10,310.00,155.00,0.00,3100.00,0.00,3100.00,1550.00,1550.00,2026-08-05
VEN-00206,2026-05-15,2026,5,Mayo,C004,Adventure Works,Corporate,manufacturing,P004,Azure Data Lake Storage,Storage,Microsoft,R001,Norte,Espana,norte.manager@datadays.local,V001,Ana Torres,Partner,Completado,Transferencia,12,95.00,42.00,0.15,1140.00,171.00,969.00,504.00,465.00,2026-08-05
VEN-00207,2026-06-08,2026,6,Junio,C010,Blue Yonder Airlines,Enterprise,travel,P002,Power BI Pro,Business Intelligence,Microsoft,R002,Centro,Espana,centro.manager@datadays.local,V003,Lucia Perez,Online,Pendiente,Transferencia,9,13.70,4.10,0.00,123.30,0.00,123.30,36.90,86.40,2026-08-05
VEN-00208,2026-05-25,2026,5,Mayo,C004,Adventure Works,Corporate,manufacturing,P003,Power BI Premium User,Business Intelligence,Microsoft,R003,Sur,Espana,sur.manager@datadays.local,V002,Carlos Molina,Marketplace,Cancelado,Orden de compra,5,22.80,7.20,0.10,114.00,11.40,102.60,36.00,66.60,2026-08-05
VEN-00209,2026-03-14,2026,3,Marzo,C005,Litware Stores,SMB,retail,P003,Power BI Premium User,Business Intelligence,Microsoft,R002,Centro,Espana,centro.manager@datadays.local,V001,Ana Torres,Partner,Pendiente,Transferencia,3,22.80,7.20,0.03,68.40,2.05,66.35,21.60,44.75,2026-08-05
VEN-00210,2026-04-22,2026,4,Abril,C010,Blue Yonder Airlines,Enterprise,travel,P005,SQL Analytics Pack,Data Warehouse,Microsoft,R002,Centro,Espana,centro.manager@datadays.local,V001,Ana Torres,Online,Completado,Tarjeta,9,310.00,155.00,0.00,2790.00,0.00,2790.00,1395.00,1395.00,2026-08-05
VEN-00211,2026-01-12,2026,1,Enero,C003,Fabrikam Digital,Corporate,technology,P006,Data Engineering Workshop,Training,Data Days,R003,Sur,Espana,sur.manager@datadays.local,V002,Carlos Molina,Enterprise Sales,Cancelado,Transferencia,11,680.00,180.00,0.00,7480.00,0.00,7480.00,1980.00,5500.00,2026-08-05
VEN-00212,2026-06-05,2026,6,Junio,C003,Fabrikam Digital,Corporate,technology,P001,Fabric Capacity F64,Cloud Analytics,Microsoft,R001,Norte,Espana,norte.manager@datadays.local,V002,Carlos Molina,Marketplace,Cancelado,Orden de compra,11,820.00,510.00,0.03,9020.00,270.60,8749.40,5610.00,3139.40,2026-08-05
VEN-00213,2026-03-30,2026,3,Marzo,C009,Graphic Design Institute,Corporate,education,P007,DP-600 Exam Prep,Training,Data Days,R002,Centro,Espana,centro.manager@datadays.local,V001,Ana Torres,Enterprise Sales,Completado,Tarjeta,3,420.00,95.00,0.08,1260.00,100.80,1159.20,285.00,874.20,2026-08-05
VEN-00214,2026-04-08,2026,4,Abril,C007,Tailspin Toys,SMB,retail,P004,Azure Data Lake Storage,Storage,Microsoft,R004,Latam,Mexico,latam.manager@datadays.local,V002,Carlos Molina,Partner,Completado,Orden de compra,1,95.00,42.00,0.08,95.00,7.60,87.40,42.00,45.40,2026-08-05
VEN-00215,2026-03-14,2026,3,Marzo,C005,Litware Stores,SMB,retail,P005,SQL Analytics Pack,Data Warehouse,Microsoft,R003,Sur,Espana,sur.manager@datadays.local,V001,Ana Torres,Marketplace,Completado,Orden de compra,3,310.00,155.00,0.03,930.00,27.90,902.10,465.00,437.10,2026-08-05
VEN-00216,2026-05-11,2026,5,Mayo,C001,Northwind Retail,Enterprise,retail,P007,DP-600 Exam Prep,Training,Data Days,R001,Norte,Espana,norte.manager@datadays.local,V001,Ana Torres,Marketplace,Cancelado,Transferencia,8,420.00,95.00,0.05,3360.00,168.00,3192.00,760.00,2432.00,2026-08-05
VEN-00217,2026-02-13,2026,2,Febrero,C006,Proseware Labs,SMB,technology,P002,Power BI Pro,Business Intelligence,Microsoft,R001,Norte,Espana,norte.manager@datadays.local,V001,Ana Torres,Online,Completado,Orden de compra,7,13.70,4.10,0.10,95.90,9.59,86.31,28.70,57.61,2026-08-05
VEN-00218,2026-05-17,2026,5,Mayo,C001,Northwind Retail,Enterprise,retail,P007,DP-600 Exam Prep,Training,Data Days,R001,Norte,Espana,norte.manager@datadays.local,V004,Miguel Santos,Marketplace,Cancelado,Orden de compra,12,420.00,95.00,0.08,5040.00,403.20,4636.80,1140.00,3496.80,2026-08-05
VEN-00219,2026-03-13,2026,3,Marzo,C002,Contoso Market,Enterprise,retail,P001,Fabric Capacity F64,Cloud Analytics,Microsoft,R002,Centro,Espana,centro.manager@datadays.local,V002,Carlos Molina,Partner,Completado,Tarjeta,8,820.00,510.00,0.05,6560.00,328.00,6232.00,4080.00,2152.00,2026-08-05
VEN-00220,2026-02-01,2026,2,Febrero,C006,Proseware Labs,SMB,technology,P005,SQL Analytics Pack,Data Warehouse,Microsoft,R002,Centro,Espana,centro.manager@datadays.local,V005,Sofia Ramirez,Marketplace,Completado,Transferencia,8,310.00,155.00,0.00,2480.00,0.00,2480.00,1240.00,1240.00,2026-08-05
VEN-00221,2026-01-23,2026,1,Enero,C010,Blue Yonder Airlines,Enterprise,travel,P007,DP-600 Exam Prep,Training,Data Days,R004,Latam,Mexico,latam.manager@datadays.local,V004,Miguel Santos,Marketplace,Completado,Orden de compra,8,420.00,95.00,0.10,3360.00,336.00,3024.00,760.00,2264.00,2026-08-05
VEN-00222,2026-06-25,2026,6,Junio,C004,Adventure Works,Corporate,manufacturing,P007,DP-600 Exam Prep,Training,Data Days,R001,Norte,Espana,norte.manager@datadays.local,V001,Ana Torres,Partner,Pendiente,Orden de compra,10,420.00,95.00,0.00,4200.00,0.00,4200.00,950.00,3250.00,2026-08-05
VEN-00223,2026-05-25,2026,5,Mayo,C006,Proseware Labs,SMB,technology,P003,Power BI Premium User,Business Intelligence,Microsoft,R003,Sur,Espana,sur.manager@datadays.local,V002,Carlos Molina,Partner,Pendiente,Orden de compra,1,22.80,7.20,0.08,22.80,1.82,20.98,7.20,13.78,2026-08-05
VEN-00224,2026-05-06,2026,5,Mayo,C006,Proseware Labs,SMB,technology,P006,Data Engineering Workshop,Training,Data Days,R002,Centro,Espana,centro.manager@datadays.local,V001,Ana Torres,Online,Completado,Transferencia,2,680.00,180.00,0.00,1360.00,0.00,1360.00,360.00,1000.00,2026-08-05
VEN-00225,2026-01-22,2026,1,Enero,C007,Tailspin Toys,SMB,retail,P006,Data Engineering Workshop,Training,Data Days,R003,Sur,Espana,sur.manager@datadays.local,V001,Ana Torres,Online,Completado,Tarjeta,12,680.00,180.00,0.03,8160.00,244.80,7915.20,2160.00,5755.20,2026-08-05
VEN-00226,2026-01-31,2026,1,Enero,C009,Graphic Design Institute,Corporate,education,P002,Power BI Pro,Business Intelligence,Microsoft,R004,Latam,Mexico,latam.manager@datadays.local,V004,Miguel Santos,Partner,Completado,Transferencia,8,13.70,4.10,0.00,109.60,0.00,109.60,32.80,76.80,2026-08-05
VEN-00227,2026-04-11,2026,4,Abril,C006,Proseware Labs,SMB,technology,P002,Power BI Pro,Business Intelligence,Microsoft,R003,Sur,Espana,sur.manager@datadays.local,V004,Miguel Santos,Online,Pendiente,Orden de compra,2,13.70,4.10,0.15,27.40,4.11,23.29,8.20,15.09,2026-08-05
VEN-00228,2026-05-10,2026,5,Mayo,C009,Graphic Design Institute,Corporate,education,P003,Power BI Premium User,Business Intelligence,Microsoft,R001,Norte,Espana,norte.manager@datadays.local,V004,Miguel Santos,Enterprise Sales,Completado,Orden de compra,6,22.80,7.20,0.10,136.80,13.68,123.12,43.20,79.92,2026-08-05
VEN-00229,2026-06-17,2026,6,Junio,C010,Blue Yonder Airlines,Enterprise,travel,P001,Fabric Capacity F64,Cloud Analytics,Microsoft,R003,Sur,Espana,sur.manager@datadays.local,V004,Miguel Santos,Online,Completado,Orden de compra,9,820.00,510.00,0.00,7380.00,0.00,7380.00,4590.00,2790.00,2026-08-05
VEN-00230,2026-02-03,2026,2,Febrero,C003,Fabrikam Digital,Corporate,technology,P005,SQL Analytics Pack,Data Warehouse,Microsoft,R001,Norte,Espana,norte.manager@datadays.local,V004,Miguel Santos,Enterprise Sales,Pendiente,Transferencia,9,310.00,155.00,0.05,2790.00,139.50,2650.50,1395.00,1255.50,2026-08-05
VEN-00231,2026-02-10,2026,2,Febrero,C003,Fabrikam Digital,Corporate,technology,P005,SQL Analytics Pack,Data Warehouse,Microsoft,R002,Centro,Espana,centro.manager@datadays.local,V001,Ana Torres,Partner,Completado,Tarjeta,12,310.00,155.00,0.15,3720.00,558.00,3162.00,1860.00,1302.00,2026-08-05
VEN-00232,2026-03-03,2026,3,Marzo,C004,Adventure Works,Corporate,manufacturing,P003,Power BI Premium User,Business Intelligence,Microsoft,R001,Norte,Espana,norte.manager@datadays.local,V001,Ana Torres,Enterprise Sales,Completado,Tarjeta,1,22.80,7.20,0.08,22.80,1.82,20.98,7.20,13.78,2026-08-05
VEN-00233,2026-02-23,2026,2,Febrero,C004,Adventure Works,Corporate,manufacturing,P003,Power BI Premium User,Business Intelligence,Microsoft,R001,Norte,Espana,norte.manager@datadays.local,V003,Lucia Perez,Enterprise Sales,Completado,Transferencia,7,22.80,7.20,0.05,159.60,7.98,151.62,50.40,101.22,2026-08-05
VEN-00234,2026-01-30,2026,1,Enero,C002,Contoso Market,Enterprise,retail,P008,Governance Advisory,Consulting,Data Days,R004,Latam,Mexico,latam.manager@datadays.local,V004,Miguel Santos,Marketplace,Pendiente,Orden de compra,11,1250.00,420.00,0.10,13750.00,1375.00,12375.00,4620.00,7755.00,2026-08-05
VEN-00235,2026-01-17,2026,1,Enero,C005,Litware Stores,SMB,retail,P001,Fabric Capacity F64,Cloud Analytics,Microsoft,R003,Sur,Espana,sur.manager@datadays.local,V002,Carlos Molina,Marketplace,Completado,Tarjeta,3,820.00,510.00,0.03,2460.00,73.80,2386.20,1530.00,856.20,2026-08-05
VEN-00236,2026-04-30,2026,4,Abril,C008,Wide World Importers,Enterprise,distribution,P006,Data Engineering Workshop,Training,Data Days,R001,Norte,Espana,norte.manager@datadays.local,V005,Sofia Ramirez,Online,Completado,Orden de compra,10,680.00,180.00,0.08,6800.00,544.00,6256.00,1800.00,4456.00,2026-08-05
VEN-00237,2026-04-17,2026,4,Abril,C005,Litware Stores,SMB,retail,P004,Azure Data Lake Storage,Storage,Microsoft,R001,Norte,Espana,norte.manager@datadays.local,V005,Sofia Ramirez,Marketplace,Cancelado,Tarjeta,4,95.00,42.00,0.00,380.00,0.00,380.00,168.00,212.00,2026-08-05
VEN-00238,2026-01-17,2026,1,Enero,C010,Blue Yonder Airlines,Enterprise,travel,P008,Governance Advisory,Consulting,Data Days,R003,Sur,Espana,sur.manager@datadays.local,V005,Sofia Ramirez,Online,Cancelado,Orden de compra,2,1250.00,420.00,0.00,2500.00,0.00,2500.00,840.00,1660.00,2026-08-05
VEN-00239,2026-06-11,2026,6,Junio,C007,Tailspin Toys,SMB,retail,P007,DP-600 Exam Prep,Training,Data Days,R004,Latam,Mexico,latam.manager@datadays.local,V005,Sofia Ramirez,Enterprise Sales,Completado,Transferencia,12,420.00,95.00,0.08,5040.00,403.20,4636.80,1140.00,3496.80,2026-08-05
VEN-00240,2026-06-21,2026,6,Junio,C009,Graphic Design Institute,Corporate,education,P008,Governance Advisory,Consulting,Data Days,R001,Norte,Espana,norte.manager@datadays.local,V003,Lucia Perez,Online,Completado,Tarjeta,1,1250.00,420.00,0.05,1250.00,62.50,1187.50,420.00,767.50,2026-08-05
VEN-00241,2026-01-14,2026,1,Enero,C008,Wide World Importers,Enterprise,distribution,P006,Data Engineering Workshop,Training,Data Days,R004,Latam,Mexico,latam.manager@datadays.local,V003,Lucia Perez,Enterprise Sales,Cancelado,Transferencia,7,680.00,180.00,0.00,4760.00,0.00,4760.00,1260.00,3500.00,2026-08-05
VEN-00242,2026-01-10,2026,1,Enero,C006,Proseware Labs,SMB,technology,P001,Fabric Capacity F64,Cloud Analytics,Microsoft,R004,Latam,Mexico,latam.manager@datadays.local,V002,Carlos Molina,Enterprise Sales,Completado,Orden de compra,1,820.00,510.00,0.08,820.00,65.60,754.40,510.00,244.40,2026-08-05
VEN-00243,2026-01-18,2026,1,Enero,C007,Tailspin Toys,SMB,retail,P003,Power BI Premium User,Business Intelligence,Microsoft,R001,Norte,Espana,norte.manager@datadays.local,V003,Lucia Perez,Partner,Pendiente,Tarjeta,7,22.80,7.20,0.05,159.60,7.98,151.62,50.40,101.22,2026-08-05
VEN-00244,2026-01-08,2026,1,Enero,C001,Northwind Retail,Enterprise,retail,P005,SQL Analytics Pack,Data Warehouse,Microsoft,R004,Latam,Mexico,latam.manager@datadays.local,V003,Lucia Perez,Marketplace,Cancelado,Transferencia,1,310.00,155.00,0.03,310.00,9.30,300.70,155.00,145.70,2026-08-05
VEN-00245,2026-03-31,2026,3,Marzo,C008,Wide World Importers,Enterprise,distribution,P003,Power BI Premium User,Business Intelligence,Microsoft,R002,Centro,Espana,centro.manager@datadays.local,V005,Sofia Ramirez,Marketplace,Completado,Transferencia,4,22.80,7.20,0.15,91.20,13.68,77.52,28.80,48.72,2026-08-05
VEN-00246,2026-06-23,2026,6,Junio,C002,Contoso Market,Enterprise,retail,P005,SQL Analytics Pack,Data Warehouse,Microsoft,R003,Sur,Espana,sur.manager@datadays.local,V002,Carlos Molina,Marketplace,Pendiente,Tarjeta,6,310.00,155.00,0.00,1860.00,0.00,1860.00,930.00,930.00,2026-08-05
VEN-00247,2026-05-23,2026,5,Mayo,C010,Blue Yonder Airlines,Enterprise,travel,P005,SQL Analytics Pack,Data Warehouse,Microsoft,R001,Norte,Espana,norte.manager@datadays.local,V001,Ana Torres,Marketplace,Completado,Orden de compra,10,310.00,155.00,0.05,3100.00,155.00,2945.00,1550.00,1395.00,2026-08-05
VEN-00248,2026-03-03,2026,3,Marzo,C001,Northwind Retail,Enterprise,retail,P002,Power BI Pro,Business Intelligence,Microsoft,R003,Sur,Espana,sur.manager@datadays.local,V001,Ana Torres,Partner,Completado,Orden de compra,2,13.70,4.10,0.05,27.40,1.37,26.03,8.20,17.83,2026-08-05
VEN-00249,2026-05-23,2026,5,Mayo,C004,Adventure Works,Corporate,manufacturing,P006,Data Engineering Workshop,Training,Data Days,R001,Norte,Espana,norte.manager@datadays.local,V001,Ana Torres,Partner,Completado,Transferencia,1,680.00,180.00,0.10,680.00,68.00,612.00,180.00,432.00,2026-08-05
VEN-00250,2026-04-06,2026,4,Abril,C001,Northwind Retail,Enterprise,retail,P001,Fabric Capacity F64,Cloud Analytics,Microsoft,R003,Sur,Espana,sur.manager@datadays.local,V003,Lucia Perez,Partner,Pendiente,Orden de compra,3,820.00,510.00,0.08,2460.00,196.80,2263.20,1530.00,733.20,2026-08-05
VEN-00251,2026-01-03,2026,1,Enero,C010,Blue Yonder Airlines,Enterprise,travel,P002,Power BI Pro,Business Intelligence,Microsoft,R001,Norte,Espana,norte.manager@datadays.local,V001,Ana Torres,Online,Completado,Orden de compra,9,13.70,4.10,0.05,123.30,6.17,117.13,36.90,80.23,2026-08-05
VEN-00252,2026-05-10,2026,5,Mayo,C006,Proseware Labs,SMB,technology,P001,Fabric Capacity F64,Cloud Analytics,Microsoft,R004,Latam,Mexico,latam.manager@datadays.local,V001,Ana Torres,Partner,Cancelado,Orden de compra,10,820.00,510.00,0.08,8200.00,656.00,7544.00,5100.00,2444.00,2026-08-05
VEN-00253,2026-02-27,2026,2,Febrero,C005,Litware Stores,SMB,retail,P003,Power BI Premium User,Business Intelligence,Microsoft,R001,Norte,Espana,norte.manager@datadays.local,V004,Miguel Santos,Online,Pendiente,Tarjeta,11,22.80,7.20,0.10,250.80,25.08,225.72,79.20,146.52,2026-08-05
VEN-00254,2026-01-02,2026,1,Enero,C003,Fabrikam Digital,Corporate,technology,P007,DP-600 Exam Prep,Training,Data Days,R002,Centro,Espana,centro.manager@datadays.local,V005,Sofia Ramirez,Marketplace,Pendiente,Transferencia,7,420.00,95.00,0.05,2940.00,147.00,2793.00,665.00,2128.00,2026-08-05
VEN-00255,2026-02-01,2026,2,Febrero,C007,Tailspin Toys,SMB,retail,P008,Governance Advisory,Consulting,Data Days,R004,Latam,Mexico,latam.manager@datadays.local,V002,Carlos Molina,Partner,Cancelado,Transferencia,10,1250.00,420.00,0.03,12500.00,375.00,12125.00,4200.00,7925.00,2026-08-05
VEN-00256,2026-01-25,2026,1,Enero,C006,Proseware Labs,SMB,technology,P006,Data Engineering Workshop,Training,Data Days,R002,Centro,Espana,centro.manager@datadays.local,V001,Ana Torres,Online,Cancelado,Orden de compra,9,680.00,180.00,0.10,6120.00,612.00,5508.00,1620.00,3888.00,2026-08-05
VEN-00257,2026-05-29,2026,5,Mayo,C008,Wide World Importers,Enterprise,distribution,P001,Fabric Capacity F64,Cloud Analytics,Microsoft,R001,Norte,Espana,norte.manager@datadays.local,V004,Miguel Santos,Partner,Completado,Orden de compra,4,820.00,510.00,0.08,3280.00,262.40,3017.60,2040.00,977.60,2026-08-05
VEN-00258,2026-03-31,2026,3,Marzo,C010,Blue Yonder Airlines,Enterprise,travel,P003,Power BI Premium User,Business Intelligence,Microsoft,R002,Centro,Espana,centro.manager@datadays.local,V002,Carlos Molina,Enterprise Sales,Pendiente,Transferencia,7,22.80,7.20,0.05,159.60,7.98,151.62,50.40,101.22,2026-08-05
VEN-00259,2026-01-24,2026,1,Enero,C007,Tailspin Toys,SMB,retail,P004,Azure Data Lake Storage,Storage,Microsoft,R004,Latam,Mexico,latam.manager@datadays.local,V002,Carlos Molina,Online,Completado,Orden de compra,6,95.00,42.00,0.08,570.00,45.60,524.40,252.00,272.40,2026-08-05
VEN-00260,2026-06-08,2026,6,Junio,C008,Wide World Importers,Enterprise,distribution,P008,Governance Advisory,Consulting,Data Days,R002,Centro,Espana,centro.manager@datadays.local,V001,Ana Torres,Enterprise Sales,Completado,Tarjeta,2,1250.00,420.00,0.00,2500.00,0.00,2500.00,840.00,1660.00,2026-08-05
VEN-00261,2026-03-28,2026,3,Marzo,C005,Litware Stores,SMB,retail,P001,Fabric Capacity F64,Cloud Analytics,Microsoft,R003,Sur,Espana,sur.manager@datadays.local,V004,Miguel Santos,Enterprise Sales,Cancelado,Tarjeta,7,820.00,510.00,0.00,5740.00,0.00,5740.00,3570.00,2170.00,2026-08-05
VEN-00262,2026-04-18,2026,4,Abril,C007,Tailspin Toys,SMB,retail,P006,Data Engineering Workshop,Training,Data Days,R003,Sur,Espana,sur.manager@datadays.local,V005,Sofia Ramirez,Online,Completado,Orden de compra,11,680.00,180.00,0.10,7480.00,748.00,6732.00,1980.00,4752.00,2026-08-05
VEN-00263,2026-02-05,2026,2,Febrero,C008,Wide World Importers,Enterprise,distribution,P007,DP-600 Exam Prep,Training,Data Days,R001,Norte,Espana,norte.manager@datadays.local,V005,Sofia Ramirez,Online,Completado,Tarjeta,7,420.00,95.00,0.15,2940.00,441.00,2499.00,665.00,1834.00,2026-08-05
VEN-00264,2026-05-26,2026,5,Mayo,C002,Contoso Market,Enterprise,retail,P007,DP-600 Exam Prep,Training,Data Days,R001,Norte,Espana,norte.manager@datadays.local,V004,Miguel Santos,Online,Cancelado,Orden de compra,4,420.00,95.00,0.10,1680.00,168.00,1512.00,380.00,1132.00,2026-08-05
VEN-00265,2026-05-03,2026,5,Mayo,C003,Fabrikam Digital,Corporate,technology,P006,Data Engineering Workshop,Training,Data Days,R004,Latam,Mexico,latam.manager@datadays.local,V005,Sofia Ramirez,Partner,Pendiente,Transferencia,3,680.00,180.00,0.10,2040.00,204.00,1836.00,540.00,1296.00,2026-08-05
VEN-00266,2026-05-24,2026,5,Mayo,C003,Fabrikam Digital,Corporate,technology,P003,Power BI Premium User,Business Intelligence,Microsoft,R002,Centro,Espana,centro.manager@datadays.local,V002,Carlos Molina,Partner,Cancelado,Tarjeta,11,22.80,7.20,0.05,250.80,12.54,238.26,79.20,159.06,2026-08-05
VEN-00267,2026-03-17,2026,3,Marzo,C008,Wide World Importers,Enterprise,distribution,P002,Power BI Pro,Business Intelligence,Microsoft,R001,Norte,Espana,norte.manager@datadays.local,V002,Carlos Molina,Online,Completado,Transferencia,12,13.70,4.10,0.05,164.40,8.22,156.18,49.20,106.98,2026-08-05
VEN-00268,2026-05-28,2026,5,Mayo,C010,Blue Yonder Airlines,Enterprise,travel,P007,DP-600 Exam Prep,Training,Data Days,R001,Norte,Espana,norte.manager@datadays.local,V003,Lucia Perez,Enterprise Sales,Completado,Transferencia,6,420.00,95.00,0.10,2520.00,252.00,2268.00,570.00,1698.00,2026-08-05
VEN-00269,2026-04-26,2026,4,Abril,C002,Contoso Market,Enterprise,retail,P003,Power BI Premium User,Business Intelligence,Microsoft,R003,Sur,Espana,sur.manager@datadays.local,V005,Sofia Ramirez,Partner,Completado,Orden de compra,5,22.80,7.20,0.00,114.00,0.00,114.00,36.00,78.00,2026-08-05
VEN-00270,2026-01-15,2026,1,Enero,C007,Tailspin Toys,SMB,retail,P007,DP-600 Exam Prep,Training,Data Days,R002,Centro,Espana,centro.manager@datadays.local,V002,Carlos Molina,Marketplace,Completado,Orden de compra,11,420.00,95.00,0.00,4620.00,0.00,4620.00,1045.00,3575.00,2026-08-05
VEN-00271,2026-03-17,2026,3,Marzo,C010,Blue Yonder Airlines,Enterprise,travel,P002,Power BI Pro,Business Intelligence,Microsoft,R002,Centro,Espana,centro.manager@datadays.local,V003,Lucia Perez,Partner,Completado,Tarjeta,10,13.70,4.10,0.03,137.00,4.11,132.89,41.00,91.89,2026-08-05
VEN-00272,2026-03-28,2026,3,Marzo,C002,Contoso Market,Enterprise,retail,P003,Power BI Premium User,Business Intelligence,Microsoft,R001,Norte,Espana,norte.manager@datadays.local,V002,Carlos Molina,Online,Completado,Transferencia,9,22.80,7.20,0.00,205.20,0.00,205.20,64.80,140.40,2026-08-05
VEN-00273,2026-06-01,2026,6,Junio,C006,Proseware Labs,SMB,technology,P001,Fabric Capacity F64,Cloud Analytics,Microsoft,R002,Centro,Espana,centro.manager@datadays.local,V004,Miguel Santos,Partner,Completado,Orden de compra,3,820.00,510.00,0.10,2460.00,246.00,2214.00,1530.00,684.00,2026-08-05
VEN-00274,2026-04-05,2026,4,Abril,C010,Blue Yonder Airlines,Enterprise,travel,P008,Governance Advisory,Consulting,Data Days,R001,Norte,Espana,norte.manager@datadays.local,V005,Sofia Ramirez,Partner,Pendiente,Tarjeta,4,1250.00,420.00,0.00,5000.00,0.00,5000.00,1680.00,3320.00,2026-08-05
VEN-00275,2026-01-17,2026,1,Enero,C008,Wide World Importers,Enterprise,distribution,P002,Power BI Pro,Business Intelligence,Microsoft,R002,Centro,Espana,centro.manager@datadays.local,V002,Carlos Molina,Partner,Pendiente,Tarjeta,7,13.70,4.10,0.05,95.90,4.79,91.10,28.70,62.40,2026-08-05
VEN-00276,2026-04-05,2026,4,Abril,C003,Fabrikam Digital,Corporate,technology,P003,Power BI Premium User,Business Intelligence,Microsoft,R002,Centro,Espana,centro.manager@datadays.local,V005,Sofia Ramirez,Enterprise Sales,Pendiente,Transferencia,6,22.80,7.20,0.00,136.80,0.00,136.80,43.20,93.60,2026-08-05
VEN-00277,2026-06-23,2026,6,Junio,C009,Graphic Design Institute,Corporate,education,P008,Governance Advisory,Consulting,Data Days,R004,Latam,Mexico,latam.manager@datadays.local,V003,Lucia Perez,Partner,Cancelado,Tarjeta,6,1250.00,420.00,0.15,7500.00,1125.00,6375.00,2520.00,3855.00,2026-08-05
VEN-00278,2026-03-20,2026,3,Marzo,C004,Adventure Works,Corporate,manufacturing,P002,Power BI Pro,Business Intelligence,Microsoft,R002,Centro,Espana,centro.manager@datadays.local,V005,Sofia Ramirez,Marketplace,Cancelado,Tarjeta,7,13.70,4.10,0.08,95.90,7.67,88.23,28.70,59.53,2026-08-05
VEN-00279,2026-06-07,2026,6,Junio,C006,Proseware Labs,SMB,technology,P005,SQL Analytics Pack,Data Warehouse,Microsoft,R004,Latam,Mexico,latam.manager@datadays.local,V004,Miguel Santos,Online,Completado,Orden de compra,11,310.00,155.00,0.08,3410.00,272.80,3137.20,1705.00,1432.20,2026-08-05
VEN-00280,2026-06-12,2026,6,Junio,C003,Fabrikam Digital,Corporate,technology,P007,DP-600 Exam Prep,Training,Data Days,R004,Latam,Mexico,latam.manager@datadays.local,V002,Carlos Molina,Online,Completado,Transferencia,6,420.00,95.00,0.05,2520.00,126.00,2394.00,570.00,1824.00,2026-08-05
VEN-00281,2026-01-10,2026,1,Enero,C004,Adventure Works,Corporate,manufacturing,P007,DP-600 Exam Prep,Training,Data Days,R004,Latam,Mexico,latam.manager@datadays.local,V003,Lucia Perez,Partner,Completado,Tarjeta,9,420.00,95.00,0.00,3780.00,0.00,3780.00,855.00,2925.00,2026-08-05
VEN-00282,2026-01-09,2026,1,Enero,C002,Contoso Market,Enterprise,retail,P006,Data Engineering Workshop,Training,Data Days,R003,Sur,Espana,sur.manager@datadays.local,V003,Lucia Perez,Marketplace,Completado,Transferencia,11,680.00,180.00,0.05,7480.00,374.00,7106.00,1980.00,5126.00,2026-08-05
VEN-00283,2026-05-19,2026,5,Mayo,C002,Contoso Market,Enterprise,retail,P006,Data Engineering Workshop,Training,Data Days,R003,Sur,Espana,sur.manager@datadays.local,V004,Miguel Santos,Online,Completado,Orden de compra,2,680.00,180.00,0.00,1360.00,0.00,1360.00,360.00,1000.00,2026-08-05
VEN-00284,2026-05-20,2026,5,Mayo,C006,Proseware Labs,SMB,technology,P002,Power BI Pro,Business Intelligence,Microsoft,R004,Latam,Mexico,latam.manager@datadays.local,V004,Miguel Santos,Partner,Completado,Tarjeta,3,13.70,4.10,0.05,41.10,2.05,39.04,12.30,26.74,2026-08-05
VEN-00285,2026-02-23,2026,2,Febrero,C010,Blue Yonder Airlines,Enterprise,travel,P008,Governance Advisory,Consulting,Data Days,R001,Norte,Espana,norte.manager@datadays.local,V005,Sofia Ramirez,Marketplace,Completado,Orden de compra,2,1250.00,420.00,0.15,2500.00,375.00,2125.00,840.00,1285.00,2026-08-05
VEN-00286,2026-02-26,2026,2,Febrero,C009,Graphic Design Institute,Corporate,education,P001,Fabric Capacity F64,Cloud Analytics,Microsoft,R001,Norte,Espana,norte.manager@datadays.local,V004,Miguel Santos,Partner,Completado,Transferencia,5,820.00,510.00,0.03,4100.00,123.00,3977.00,2550.00,1427.00,2026-08-05
VEN-00287,2026-03-27,2026,3,Marzo,C003,Fabrikam Digital,Corporate,technology,P002,Power BI Pro,Business Intelligence,Microsoft,R001,Norte,Espana,norte.manager@datadays.local,V002,Carlos Molina,Enterprise Sales,Cancelado,Tarjeta,7,13.70,4.10,0.03,95.90,2.88,93.02,28.70,64.32,2026-08-05
VEN-00288,2026-01-01,2026,1,Enero,C009,Graphic Design Institute,Corporate,education,P007,DP-600 Exam Prep,Training,Data Days,R002,Centro,Espana,centro.manager@datadays.local,V003,Lucia Perez,Enterprise Sales,Completado,Tarjeta,12,420.00,95.00,0.05,5040.00,252.00,4788.00,1140.00,3648.00,2026-08-05
VEN-00289,2026-04-11,2026,4,Abril,C001,Northwind Retail,Enterprise,retail,P005,SQL Analytics Pack,Data Warehouse,Microsoft,R001,Norte,Espana,norte.manager@datadays.local,V003,Lucia Perez,Enterprise Sales,Cancelado,Transferencia,3,310.00,155.00,0.03,930.00,27.90,902.10,465.00,437.10,2026-08-05
VEN-00290,2026-05-02,2026,5,Mayo,C007,Tailspin Toys,SMB,retail,P001,Fabric Capacity F64,Cloud Analytics,Microsoft,R004,Latam,Mexico,latam.manager@datadays.local,V004,Miguel Santos,Marketplace,Completado,Orden de compra,3,820.00,510.00,0.08,2460.00,196.80,2263.20,1530.00,733.20,2026-08-05
VEN-00291,2026-05-05,2026,5,Mayo,C008,Wide World Importers,Enterprise,distribution,P005,SQL Analytics Pack,Data Warehouse,Microsoft,R003,Sur,Espana,sur.manager@datadays.local,V001,Ana Torres,Partner,Pendiente,Orden de compra,4,310.00,155.00,0.15,1240.00,186.00,1054.00,620.00,434.00,2026-08-05
VEN-00292,2026-01-13,2026,1,Enero,C008,Wide World Importers,Enterprise,distribution,P002,Power BI Pro,Business Intelligence,Microsoft,R004,Latam,Mexico,latam.manager@datadays.local,V003,Lucia Perez,Partner,Completado,Orden de compra,2,13.70,4.10,0.15,27.40,4.11,23.29,8.20,15.09,2026-08-05
VEN-00293,2026-03-06,2026,3,Marzo,C005,Litware Stores,SMB,retail,P004,Azure Data Lake Storage,Storage,Microsoft,R001,Norte,Espana,norte.manager@datadays.local,V004,Miguel Santos,Partner,Completado,Orden de compra,12,95.00,42.00,0.15,1140.00,171.00,969.00,504.00,465.00,2026-08-05
VEN-00294,2026-01-23,2026,1,Enero,C003,Fabrikam Digital,Corporate,technology,P008,Governance Advisory,Consulting,Data Days,R003,Sur,Espana,sur.manager@datadays.local,V004,Miguel Santos,Online,Pendiente,Orden de compra,10,1250.00,420.00,0.00,12500.00,0.00,12500.00,4200.00,8300.00,2026-08-05
VEN-00295,2026-04-05,2026,4,Abril,C006,Proseware Labs,SMB,technology,P003,Power BI Premium User,Business Intelligence,Microsoft,R004,Latam,Mexico,latam.manager@datadays.local,V005,Sofia Ramirez,Marketplace,Completado,Transferencia,3,22.80,7.20,0.00,68.40,0.00,68.40,21.60,46.80,2026-08-05
VEN-00296,2026-06-19,2026,6,Junio,C003,Fabrikam Digital,Corporate,technology,P006,Data Engineering Workshop,Training,Data Days,R004,Latam,Mexico,latam.manager@datadays.local,V005,Sofia Ramirez,Enterprise Sales,Cancelado,Orden de compra,3,680.00,180.00,0.05,2040.00,102.00,1938.00,540.00,1398.00,2026-08-05
VEN-00297,2026-02-16,2026,2,Febrero,C001,Northwind Retail,Enterprise,retail,P004,Azure Data Lake Storage,Storage,Microsoft,R002,Centro,Espana,centro.manager@datadays.local,V003,Lucia Perez,Marketplace,Cancelado,Transferencia,8,95.00,42.00,0.10,760.00,76.00,684.00,336.00,348.00,2026-08-05
VEN-00298,2026-01-16,2026,1,Enero,C010,Blue Yonder Airlines,Enterprise,travel,P007,DP-600 Exam Prep,Training,Data Days,R001,Norte,Espana,norte.manager@datadays.local,V001,Ana Torres,Online,Cancelado,Transferencia,1,420.00,95.00,0.10,420.00,42.00,378.00,95.00,283.00,2026-08-05
VEN-00299,2026-03-26,2026,3,Marzo,C007,Tailspin Toys,SMB,retail,P007,DP-600 Exam Prep,Training,Data Days,R002,Centro,Espana,centro.manager@datadays.local,V004,Miguel Santos,Marketplace,Completado,Transferencia,9,420.00,95.00,0.10,3780.00,378.00,3402.00,855.00,2547.00,2026-08-05
VEN-00300,2026-01-11,2026,1,Enero,C010,Blue Yonder Airlines,Enterprise,travel,P006,Data Engineering Workshop,Training,Data Days,R001,Norte,Espana,norte.manager@datadays.local,V005,Sofia Ramirez,Enterprise Sales,Completado,Orden de compra,8,680.00,180.00,0.08,5440.00,435.20,5004.80,1440.00,3564.80,2026-08-05
VEN-00301,2026-02-02,2026,2,Febrero,C002,Contoso Market,Enterprise,retail,P007,DP-600 Exam Prep,Training,Data Days,R002,Centro,Espana,centro.manager@datadays.local,V004,Miguel Santos,Online,Cancelado,Tarjeta,10,420.00,95.00,0.00,4200.00,0.00,4200.00,950.00,3250.00,2026-08-05
VEN-00302,2026-01-25,2026,1,Enero,C007,Tailspin Toys,SMB,retail,P003,Power BI Premium User,Business Intelligence,Microsoft,R001,Norte,Espana,norte.manager@datadays.local,V004,Miguel Santos,Partner,Pendiente,Orden de compra,2,22.80,7.20,0.05,45.60,2.28,43.32,14.40,28.92,2026-08-05
VEN-00303,2026-02-07,2026,2,Febrero,C007,Tailspin Toys,SMB,retail,P002,Power BI Pro,Business Intelligence,Microsoft,R003,Sur,Espana,sur.manager@datadays.local,V004,Miguel Santos,Marketplace,Completado,Orden de compra,5,13.70,4.10,0.00,68.50,0.00,68.50,20.50,48.00,2026-08-05
VEN-00304,2026-05-09,2026,5,Mayo,C010,Blue Yonder Airlines,Enterprise,travel,P002,Power BI Pro,Business Intelligence,Microsoft,R002,Centro,Espana,centro.manager@datadays.local,V005,Sofia Ramirez,Partner,Completado,Tarjeta,2,13.70,4.10,0.10,27.40,2.74,24.66,8.20,16.46,2026-08-05
VEN-00305,2026-06-08,2026,6,Junio,C010,Blue Yonder Airlines,Enterprise,travel,P004,Azure Data Lake Storage,Storage,Microsoft,R001,Norte,Espana,norte.manager@datadays.local,V005,Sofia Ramirez,Enterprise Sales,Completado,Tarjeta,9,95.00,42.00,0.08,855.00,68.40,786.60,378.00,408.60,2026-08-05
VEN-00306,2026-01-02,2026,1,Enero,C007,Tailspin Toys,SMB,retail,P005,SQL Analytics Pack,Data Warehouse,Microsoft,R003,Sur,Espana,sur.manager@datadays.local,V001,Ana Torres,Marketplace,Completado,Transferencia,8,310.00,155.00,0.05,2480.00,124.00,2356.00,1240.00,1116.00,2026-08-05
VEN-00307,2026-01-13,2026,1,Enero,C001,Northwind Retail,Enterprise,retail,P005,SQL Analytics Pack,Data Warehouse,Microsoft,R001,Norte,Espana,norte.manager@datadays.local,V003,Lucia Perez,Online,Completado,Transferencia,11,310.00,155.00,0.03,3410.00,102.30,3307.70,1705.00,1602.70,2026-08-05
VEN-00308,2026-04-17,2026,4,Abril,C004,Adventure Works,Corporate,manufacturing,P008,Governance Advisory,Consulting,Data Days,R001,Norte,Espana,norte.manager@datadays.local,V002,Carlos Molina,Enterprise Sales,Completado,Tarjeta,1,1250.00,420.00,0.10,1250.00,125.00,1125.00,420.00,705.00,2026-08-05
VEN-00309,2026-01-30,2026,1,Enero,C002,Contoso Market,Enterprise,retail,P006,Data Engineering Workshop,Training,Data Days,R001,Norte,Espana,norte.manager@datadays.local,V003,Lucia Perez,Marketplace,Completado,Transferencia,12,680.00,180.00,0.08,8160.00,652.80,7507.20,2160.00,5347.20,2026-08-05
VEN-00310,2026-04-23,2026,4,Abril,C006,Proseware Labs,SMB,technology,P001,Fabric Capacity F64,Cloud Analytics,Microsoft,R002,Centro,Espana,centro.manager@datadays.local,V002,Carlos Molina,Partner,Completado,Orden de compra,1,820.00,510.00,0.08,820.00,65.60,754.40,510.00,244.40,2026-08-05
VEN-00311,2026-03-22,2026,3,Marzo,C001,Northwind Retail,Enterprise,retail,P008,Governance Advisory,Consulting,Data Days,R001,Norte,Espana,norte.manager@datadays.local,V003,Lucia Perez,Online,Cancelado,Transferencia,3,1250.00,420.00,0.15,3750.00,562.50,3187.50,1260.00,1927.50,2026-08-05
VEN-00312,2026-03-30,2026,3,Marzo,C008,Wide World Importers,Enterprise,distribution,P004,Azure Data Lake Storage,Storage,Microsoft,R002,Centro,Espana,centro.manager@datadays.local,V005,Sofia Ramirez,Marketplace,Pendiente,Orden de compra,2,95.00,42.00,0.10,190.00,19.00,171.00,84.00,87.00,2026-08-05
VEN-00313,2026-03-17,2026,3,Marzo,C010,Blue Yonder Airlines,Enterprise,travel,P007,DP-600 Exam Prep,Training,Data Days,R003,Sur,Espana,sur.manager@datadays.local,V003,Lucia Perez,Partner,Completado,Orden de compra,8,420.00,95.00,0.03,3360.00,100.80,3259.20,760.00,2499.20,2026-08-05
VEN-00314,2026-04-06,2026,4,Abril,C009,Graphic Design Institute,Corporate,education,P008,Governance Advisory,Consulting,Data Days,R001,Norte,Espana,norte.manager@datadays.local,V003,Lucia Perez,Partner,Completado,Tarjeta,9,1250.00,420.00,0.15,11250.00,1687.50,9562.50,3780.00,5782.50,2026-08-05
VEN-00315,2026-02-23,2026,2,Febrero,C003,Fabrikam Digital,Corporate,technology,P002,Power BI Pro,Business Intelligence,Microsoft,R004,Latam,Mexico,latam.manager@datadays.local,V001,Ana Torres,Online,Completado,Transferencia,4,13.70,4.10,0.08,54.80,4.38,50.42,16.40,34.02,2026-08-05
VEN-00316,2026-02-19,2026,2,Febrero,C007,Tailspin Toys,SMB,retail,P003,Power BI Premium User,Business Intelligence,Microsoft,R001,Norte,Espana,norte.manager@datadays.local,V001,Ana Torres,Enterprise Sales,Completado,Transferencia,11,22.80,7.20,0.10,250.80,25.08,225.72,79.20,146.52,2026-08-05
VEN-00317,2026-02-18,2026,2,Febrero,C002,Contoso Market,Enterprise,retail,P008,Governance Advisory,Consulting,Data Days,R001,Norte,Espana,norte.manager@datadays.local,V005,Sofia Ramirez,Partner,Completado,Orden de compra,2,1250.00,420.00,0.00,2500.00,0.00,2500.00,840.00,1660.00,2026-08-05
VEN-00318,2026-01-20,2026,1,Enero,C008,Wide World Importers,Enterprise,distribution,P006,Data Engineering Workshop,Training,Data Days,R002,Centro,Espana,centro.manager@datadays.local,V003,Lucia Perez,Marketplace,Completado,Transferencia,4,680.00,180.00,0.03,2720.00,81.60,2638.40,720.00,1918.40,2026-08-05
VEN-00319,2026-03-17,2026,3,Marzo,C004,Adventure Works,Corporate,manufacturing,P006,Data Engineering Workshop,Training,Data Days,R004,Latam,Mexico,latam.manager@datadays.local,V002,Carlos Molina,Partner,Completado,Orden de compra,3,680.00,180.00,0.00,2040.00,0.00,2040.00,540.00,1500.00,2026-08-05
VEN-00320,2026-02-19,2026,2,Febrero,C002,Contoso Market,Enterprise,retail,P004,Azure Data Lake Storage,Storage,Microsoft,R003,Sur,Espana,sur.manager@datadays.local,V001,Ana Torres,Partner,Completado,Tarjeta,1,95.00,42.00,0.15,95.00,14.25,80.75,42.00,38.75,2026-08-05
VEN-00321,2026-02-08,2026,2,Febrero,C005,Litware Stores,SMB,retail,P003,Power BI Premium User,Business Intelligence,Microsoft,R003,Sur,Espana,sur.manager@datadays.local,V002,Carlos Molina,Partner,Cancelado,Transferencia,11,22.80,7.20,0.05,250.80,12.54,238.26,79.20,159.06,2026-08-05
VEN-00322,2026-02-21,2026,2,Febrero,C008,Wide World Importers,Enterprise,distribution,P005,SQL Analytics Pack,Data Warehouse,Microsoft,R003,Sur,Espana,sur.manager@datadays.local,V002,Carlos Molina,Marketplace,Completado,Transferencia,1,310.00,155.00,0.05,310.00,15.50,294.50,155.00,139.50,2026-08-05
VEN-00323,2026-06-29,2026,6,Junio,C004,Adventure Works,Corporate,manufacturing,P006,Data Engineering Workshop,Training,Data Days,R001,Norte,Espana,norte.manager@datadays.local,V001,Ana Torres,Partner,Pendiente,Transferencia,4,680.00,180.00,0.00,2720.00,0.00,2720.00,720.00,2000.00,2026-08-05
VEN-00324,2026-04-15,2026,4,Abril,C009,Graphic Design Institute,Corporate,education,P004,Azure Data Lake Storage,Storage,Microsoft,R001,Norte,Espana,norte.manager@datadays.local,V005,Sofia Ramirez,Online,Completado,Tarjeta,1,95.00,42.00,0.15,95.00,14.25,80.75,42.00,38.75,2026-08-05
VEN-00325,2026-04-17,2026,4,Abril,C006,Proseware Labs,SMB,technology,P008,Governance Advisory,Consulting,Data Days,R002,Centro,Espana,centro.manager@datadays.local,V002,Carlos Molina,Online,Completado,Transferencia,9,1250.00,420.00,0.05,11250.00,562.50,10687.50,3780.00,6907.50,2026-08-05
VEN-00326,2026-01-19,2026,1,Enero,C006,Proseware Labs,SMB,technology,P006,Data Engineering Workshop,Training,Data Days,R004,Latam,Mexico,latam.manager@datadays.local,V002,Carlos Molina,Enterprise Sales,Completado,Tarjeta,5,680.00,180.00,0.00,3400.00,0.00,3400.00,900.00,2500.00,2026-08-05
VEN-00327,2026-06-18,2026,6,Junio,C007,Tailspin Toys,SMB,retail,P008,Governance Advisory,Consulting,Data Days,R001,Norte,Espana,norte.manager@datadays.local,V001,Ana Torres,Enterprise Sales,Cancelado,Transferencia,5,1250.00,420.00,0.00,6250.00,0.00,6250.00,2100.00,4150.00,2026-08-05
VEN-00328,2026-05-04,2026,5,Mayo,C004,Adventure Works,Corporate,manufacturing,P002,Power BI Pro,Business Intelligence,Microsoft,R001,Norte,Espana,norte.manager@datadays.local,V001,Ana Torres,Online,Completado,Tarjeta,5,13.70,4.10,0.10,68.50,6.85,61.65,20.50,41.15,2026-08-05
VEN-00329,2026-02-01,2026,2,Febrero,C008,Wide World Importers,Enterprise,distribution,P001,Fabric Capacity F64,Cloud Analytics,Microsoft,R002,Centro,Espana,centro.manager@datadays.local,V004,Miguel Santos,Marketplace,Completado,Transferencia,5,820.00,510.00,0.15,4100.00,615.00,3485.00,2550.00,935.00,2026-08-05
VEN-00330,2026-02-14,2026,2,Febrero,C006,Proseware Labs,SMB,technology,P004,Azure Data Lake Storage,Storage,Microsoft,R001,Norte,Espana,norte.manager@datadays.local,V001,Ana Torres,Partner,Cancelado,Transferencia,12,95.00,42.00,0.03,1140.00,34.20,1105.80,504.00,601.80,2026-08-05
VEN-00331,2026-01-11,2026,1,Enero,C002,Contoso Market,Enterprise,retail,P005,SQL Analytics Pack,Data Warehouse,Microsoft,R001,Norte,Espana,norte.manager@datadays.local,V001,Ana Torres,Partner,Completado,Transferencia,8,310.00,155.00,0.05,2480.00,124.00,2356.00,1240.00,1116.00,2026-08-05
VEN-00332,2026-04-10,2026,4,Abril,C009,Graphic Design Institute,Corporate,education,P002,Power BI Pro,Business Intelligence,Microsoft,R003,Sur,Espana,sur.manager@datadays.local,V003,Lucia Perez,Enterprise Sales,Pendiente,Transferencia,10,13.70,4.10,0.15,137.00,20.55,116.45,41.00,75.45,2026-08-05
VEN-00333,2026-05-27,2026,5,Mayo,C007,Tailspin Toys,SMB,retail,P003,Power BI Premium User,Business Intelligence,Microsoft,R001,Norte,Espana,norte.manager@datadays.local,V005,Sofia Ramirez,Enterprise Sales,Completado,Tarjeta,5,22.80,7.20,0.03,114.00,3.42,110.58,36.00,74.58,2026-08-05
VEN-00334,2026-05-18,2026,5,Mayo,C004,Adventure Works,Corporate,manufacturing,P006,Data Engineering Workshop,Training,Data Days,R003,Sur,Espana,sur.manager@datadays.local,V001,Ana Torres,Partner,Completado,Transferencia,2,680.00,180.00,0.03,1360.00,40.80,1319.20,360.00,959.20,2026-08-05
VEN-00335,2026-03-13,2026,3,Marzo,C002,Contoso Market,Enterprise,retail,P004,Azure Data Lake Storage,Storage,Microsoft,R002,Centro,Espana,centro.manager@datadays.local,V002,Carlos Molina,Partner,Cancelado,Tarjeta,2,95.00,42.00,0.00,190.00,0.00,190.00,84.00,106.00,2026-08-05
VEN-00336,2026-01-10,2026,1,Enero,C003,Fabrikam Digital,Corporate,technology,P008,Governance Advisory,Consulting,Data Days,R002,Centro,Espana,centro.manager@datadays.local,V005,Sofia Ramirez,Partner,Cancelado,Transferencia,3,1250.00,420.00,0.10,3750.00,375.00,3375.00,1260.00,2115.00,2026-08-05
VEN-00337,2026-05-21,2026,5,Mayo,C001,Northwind Retail,Enterprise,retail,P003,Power BI Premium User,Business Intelligence,Microsoft,R001,Norte,Espana,norte.manager@datadays.local,V003,Lucia Perez,Online,Pendiente,Orden de compra,11,22.80,7.20,0.08,250.80,20.06,230.74,79.20,151.54,2026-08-05
VEN-00338,2026-02-20,2026,2,Febrero,C001,Northwind Retail,Enterprise,retail,P001,Fabric Capacity F64,Cloud Analytics,Microsoft,R002,Centro,Espana,centro.manager@datadays.local,V001,Ana Torres,Marketplace,Completado,Orden de compra,12,820.00,510.00,0.10,9840.00,984.00,8856.00,6120.00,2736.00,2026-08-05
VEN-00339,2026-03-02,2026,3,Marzo,C003,Fabrikam Digital,Corporate,technology,P005,SQL Analytics Pack,Data Warehouse,Microsoft,R001,Norte,Espana,norte.manager@datadays.local,V003,Lucia Perez,Enterprise Sales,Completado,Tarjeta,4,310.00,155.00,0.03,1240.00,37.20,1202.80,620.00,582.80,2026-08-05
VEN-00340,2026-06-09,2026,6,Junio,C007,Tailspin Toys,SMB,retail,P008,Governance Advisory,Consulting,Data Days,R004,Latam,Mexico,latam.manager@datadays.local,V004,Miguel Santos,Marketplace,Cancelado,Transferencia,1,1250.00,420.00,0.00,1250.00,0.00,1250.00,420.00,830.00,2026-08-05
VEN-00341,2026-03-01,2026,3,Marzo,C001,Northwind Retail,Enterprise,retail,P004,Azure Data Lake Storage,Storage,Microsoft,R002,Centro,Espana,centro.manager@datadays.local,V001,Ana Torres,Marketplace,Completado,Orden de compra,7,95.00,42.00,0.03,665.00,19.95,645.05,294.00,351.05,2026-08-05
VEN-00342,2026-02-18,2026,2,Febrero,C010,Blue Yonder Airlines,Enterprise,travel,P005,SQL Analytics Pack,Data Warehouse,Microsoft,R004,Latam,Mexico,latam.manager@datadays.local,V003,Lucia Perez,Marketplace,Pendiente,Tarjeta,10,310.00,155.00,0.05,3100.00,155.00,2945.00,1550.00,1395.00,2026-08-05
VEN-00343,2026-01-05,2026,1,Enero,C008,Wide World Importers,Enterprise,distribution,P005,SQL Analytics Pack,Data Warehouse,Microsoft,R001,Norte,Espana,norte.manager@datadays.local,V003,Lucia Perez,Enterprise Sales,Pendiente,Transferencia,8,310.00,155.00,0.08,2480.00,198.40,2281.60,1240.00,1041.60,2026-08-05
VEN-00344,2026-06-24,2026,6,Junio,C004,Adventure Works,Corporate,manufacturing,P007,DP-600 Exam Prep,Training,Data Days,R001,Norte,Espana,norte.manager@datadays.local,V002,Carlos Molina,Partner,Completado,Tarjeta,9,420.00,95.00,0.15,3780.00,567.00,3213.00,855.00,2358.00,2026-08-05
VEN-00345,2026-06-29,2026,6,Junio,C010,Blue Yonder Airlines,Enterprise,travel,P002,Power BI Pro,Business Intelligence,Microsoft,R001,Norte,Espana,norte.manager@datadays.local,V005,Sofia Ramirez,Online,Cancelado,Orden de compra,4,13.70,4.10,0.05,54.80,2.74,52.06,16.40,35.66,2026-08-05
VEN-00346,2026-05-13,2026,5,Mayo,C008,Wide World Importers,Enterprise,distribution,P006,Data Engineering Workshop,Training,Data Days,R001,Norte,Espana,norte.manager@datadays.local,V002,Carlos Molina,Enterprise Sales,Pendiente,Orden de compra,6,680.00,180.00,0.00,4080.00,0.00,4080.00,1080.00,3000.00,2026-08-05
VEN-00347,2026-03-16,2026,3,Marzo,C001,Northwind Retail,Enterprise,retail,P007,DP-600 Exam Prep,Training,Data Days,R002,Centro,Espana,centro.manager@datadays.local,V004,Miguel Santos,Enterprise Sales,Cancelado,Tarjeta,8,420.00,95.00,0.00,3360.00,0.00,3360.00,760.00,2600.00,2026-08-05
VEN-00348,2026-03-25,2026,3,Marzo,C004,Adventure Works,Corporate,manufacturing,P005,SQL Analytics Pack,Data Warehouse,Microsoft,R002,Centro,Espana,centro.manager@datadays.local,V001,Ana Torres,Enterprise Sales,Completado,Tarjeta,10,310.00,155.00,0.00,3100.00,0.00,3100.00,1550.00,1550.00,2026-08-05
VEN-00349,2026-06-16,2026,6,Junio,C002,Contoso Market,Enterprise,retail,P003,Power BI Premium User,Business Intelligence,Microsoft,R003,Sur,Espana,sur.manager@datadays.local,V003,Lucia Perez,Enterprise Sales,Completado,Orden de compra,10,22.80,7.20,0.03,228.00,6.84,221.16,72.00,149.16,2026-08-05
VEN-00350,2026-05-02,2026,5,Mayo,C006,Proseware Labs,SMB,technology,P002,Power BI Pro,Business Intelligence,Microsoft,R004,Latam,Mexico,latam.manager@datadays.local,V004,Miguel Santos,Enterprise Sales,Cancelado,Transferencia,9,13.70,4.10,0.00,123.30,0.00,123.30,36.90,86.40,2026-08-05
VEN-00351,2026-02-16,2026,2,Febrero,C002,Contoso Market,Enterprise,retail,P007,DP-600 Exam Prep,Training,Data Days,R003,Sur,Espana,sur.manager@datadays.local,V002,Carlos Molina,Partner,Completado,Orden de compra,12,420.00,95.00,0.03,5040.00,151.20,4888.80,1140.00,3748.80,2026-08-05
VEN-00352,2026-06-07,2026,6,Junio,C007,Tailspin Toys,SMB,retail,P004,Azure Data Lake Storage,Storage,Microsoft,R001,Norte,Espana,norte.manager@datadays.local,V004,Miguel Santos,Enterprise Sales,Completado,Orden de compra,1,95.00,42.00,0.15,95.00,14.25,80.75,42.00,38.75,2026-08-05
VEN-00353,2026-04-23,2026,4,Abril,C002,Contoso Market,Enterprise,retail,P002,Power BI Pro,Business Intelligence,Microsoft,R003,Sur,Espana,sur.manager@datadays.local,V005,Sofia Ramirez,Online,Completado,Orden de compra,9,13.70,4.10,0.00,123.30,0.00,123.30,36.90,86.40,2026-08-05
VEN-00354,2026-05-15,2026,5,Mayo,C004,Adventure Works,Corporate,manufacturing,P002,Power BI Pro,Business Intelligence,Microsoft,R004,Latam,Mexico,latam.manager@datadays.local,V002,Carlos Molina,Marketplace,Completado,Transferencia,4,13.70,4.10,0.00,54.80,0.00,54.80,16.40,38.40,2026-08-05
VEN-00355,2026-04-19,2026,4,Abril,C009,Graphic Design Institute,Corporate,education,P008,Governance Advisory,Consulting,Data Days,R004,Latam,Mexico,latam.manager@datadays.local,V005,Sofia Ramirez,Enterprise Sales,Completado,Transferencia,10,1250.00,420.00,0.15,12500.00,1875.00,10625.00,4200.00,6425.00,2026-08-05
VEN-00356,2026-01-27,2026,1,Enero,C002,Contoso Market,Enterprise,retail,P003,Power BI Premium User,Business Intelligence,Microsoft,R001,Norte,Espana,norte.manager@datadays.local,V003,Lucia Perez,Partner,Pendiente,Tarjeta,12,22.80,7.20,0.05,273.60,13.68,259.92,86.40,173.52,2026-08-05
VEN-00357,2026-01-16,2026,1,Enero,C008,Wide World Importers,Enterprise,distribution,P002,Power BI Pro,Business Intelligence,Microsoft,R004,Latam,Mexico,latam.manager@datadays.local,V001,Ana Torres,Marketplace,Cancelado,Orden de compra,8,13.70,4.10,0.08,109.60,8.77,100.83,32.80,68.03,2026-08-05
VEN-00358,2026-05-23,2026,5,Mayo,C003,Fabrikam Digital,Corporate,technology,P007,DP-600 Exam Prep,Training,Data Days,R001,Norte,Espana,norte.manager@datadays.local,V005,Sofia Ramirez,Online,Completado,Transferencia,10,420.00,95.00,0.05,4200.00,210.00,3990.00,950.00,3040.00,2026-08-05
VEN-00359,2026-04-11,2026,4,Abril,C002,Contoso Market,Enterprise,retail,P002,Power BI Pro,Business Intelligence,Microsoft,R003,Sur,Espana,sur.manager@datadays.local,V002,Carlos Molina,Online,Cancelado,Transferencia,7,13.70,4.10,0.10,95.90,9.59,86.31,28.70,57.61,2026-08-05
VEN-00360,2026-04-24,2026,4,Abril,C002,Contoso Market,Enterprise,retail,P001,Fabric Capacity F64,Cloud Analytics,Microsoft,R001,Norte,Espana,norte.manager@datadays.local,V002,Carlos Molina,Enterprise Sales,Completado,Orden de compra,9,820.00,510.00,0.00,7380.00,0.00,7380.00,4590.00,2790.00,2026-08-05
VEN-00361,2026-05-12,2026,5,Mayo,C001,Northwind Retail,Enterprise,retail,P001,Fabric Capacity F64,Cloud Analytics,Microsoft,R004,Latam,Mexico,latam.manager@datadays.local,V001,Ana Torres,Partner,Completado,Tarjeta,6,820.00,510.00,0.00,4920.00,0.00,4920.00,3060.00,1860.00,2026-08-05
VEN-00362,2026-06-29,2026,6,Junio,C006,Proseware Labs,SMB,technology,P002,Power BI Pro,Business Intelligence,Microsoft,R002,Centro,Espana,centro.manager@datadays.local,V005,Sofia Ramirez,Online,Completado,Tarjeta,1,13.70,4.10,0.15,13.70,2.05,11.64,4.10,7.54,2026-08-05
VEN-00363,2026-01-10,2026,1,Enero,C003,Fabrikam Digital,Corporate,technology,P001,Fabric Capacity F64,Cloud Analytics,Microsoft,R004,Latam,Mexico,latam.manager@datadays.local,V003,Lucia Perez,Enterprise Sales,Completado,Tarjeta,10,820.00,510.00,0.10,8200.00,820.00,7380.00,5100.00,2280.00,2026-08-05
VEN-00364,2026-06-17,2026,6,Junio,C002,Contoso Market,Enterprise,retail,P001,Fabric Capacity F64,Cloud Analytics,Microsoft,R002,Centro,Espana,centro.manager@datadays.local,V003,Lucia Perez,Enterprise Sales,Cancelado,Transferencia,12,820.00,510.00,0.08,9840.00,787.20,9052.80,6120.00,2932.80,2026-08-05
VEN-00365,2026-05-15,2026,5,Mayo,C005,Litware Stores,SMB,retail,P008,Governance Advisory,Consulting,Data Days,R001,Norte,Espana,norte.manager@datadays.local,V005,Sofia Ramirez,Partner,Completado,Transferencia,12,1250.00,420.00,0.15,15000.00,2250.00,12750.00,5040.00,7710.00,2026-08-05
VEN-00366,2026-01-15,2026,1,Enero,C008,Wide World Importers,Enterprise,distribution,P008,Governance Advisory,Consulting,Data Days,R001,Norte,Espana,norte.manager@datadays.local,V004,Miguel Santos,Online,Cancelado,Transferencia,3,1250.00,420.00,0.15,3750.00,562.50,3187.50,1260.00,1927.50,2026-08-05
VEN-00367,2026-04-12,2026,4,Abril,C001,Northwind Retail,Enterprise,retail,P005,SQL Analytics Pack,Data Warehouse,Microsoft,R002,Centro,Espana,centro.manager@datadays.local,V005,Sofia Ramirez,Partner,Pendiente,Tarjeta,11,310.00,155.00,0.15,3410.00,511.50,2898.50,1705.00,1193.50,2026-08-05
VEN-00368,2026-04-22,2026,4,Abril,C009,Graphic Design Institute,Corporate,education,P003,Power BI Premium User,Business Intelligence,Microsoft,R002,Centro,Espana,centro.manager@datadays.local,V003,Lucia Perez,Enterprise Sales,Completado,Orden de compra,2,22.80,7.20,0.03,45.60,1.37,44.23,14.40,29.83,2026-08-05
VEN-00369,2026-02-23,2026,2,Febrero,C006,Proseware Labs,SMB,technology,P003,Power BI Premium User,Business Intelligence,Microsoft,R002,Centro,Espana,centro.manager@datadays.local,V001,Ana Torres,Online,Completado,Orden de compra,11,22.80,7.20,0.10,250.80,25.08,225.72,79.20,146.52,2026-08-05
VEN-00370,2026-01-14,2026,1,Enero,C008,Wide World Importers,Enterprise,distribution,P002,Power BI Pro,Business Intelligence,Microsoft,R002,Centro,Espana,centro.manager@datadays.local,V001,Ana Torres,Online,Cancelado,Transferencia,9,13.70,4.10,0.08,123.30,9.86,113.44,36.90,76.54,2026-08-05
VEN-00371,2026-02-26,2026,2,Febrero,C009,Graphic Design Institute,Corporate,education,P007,DP-600 Exam Prep,Training,Data Days,R004,Latam,Mexico,latam.manager@datadays.local,V004,Miguel Santos,Marketplace,Completado,Transferencia,2,420.00,95.00,0.08,840.00,67.20,772.80,190.00,582.80,2026-08-05
VEN-00372,2026-02-03,2026,2,Febrero,C006,Proseware Labs,SMB,technology,P003,Power BI Premium User,Business Intelligence,Microsoft,R004,Latam,Mexico,latam.manager@datadays.local,V005,Sofia Ramirez,Marketplace,Cancelado,Transferencia,1,22.80,7.20,0.10,22.80,2.28,20.52,7.20,13.32,2026-08-05
VEN-00373,2026-01-07,2026,1,Enero,C005,Litware Stores,SMB,retail,P003,Power BI Premium User,Business Intelligence,Microsoft,R003,Sur,Espana,sur.manager@datadays.local,V003,Lucia Perez,Marketplace,Completado,Transferencia,10,22.80,7.20,0.03,228.00,6.84,221.16,72.00,149.16,2026-08-05
VEN-00374,2026-05-13,2026,5,Mayo,C007,Tailspin Toys,SMB,retail,P005,SQL Analytics Pack,Data Warehouse,Microsoft,R002,Centro,Espana,centro.manager@datadays.local,V003,Lucia Perez,Marketplace,Completado,Transferencia,10,310.00,155.00,0.00,3100.00,0.00,3100.00,1550.00,1550.00,2026-08-05
VEN-00375,2026-02-18,2026,2,Febrero,C006,Proseware Labs,SMB,technology,P008,Governance Advisory,Consulting,Data Days,R003,Sur,Espana,sur.manager@datadays.local,V003,Lucia Perez,Marketplace,Completado,Transferencia,9,1250.00,420.00,0.03,11250.00,337.50,10912.50,3780.00,7132.50,2026-08-05
VEN-00376,2026-06-16,2026,6,Junio,C007,Tailspin Toys,SMB,retail,P006,Data Engineering Workshop,Training,Data Days,R003,Sur,Espana,sur.manager@datadays.local,V005,Sofia Ramirez,Online,Completado,Tarjeta,5,680.00,180.00,0.03,3400.00,102.00,3298.00,900.00,2398.00,2026-08-05
VEN-00377,2026-04-28,2026,4,Abril,C009,Graphic Design Institute,Corporate,education,P007,DP-600 Exam Prep,Training,Data Days,R002,Centro,Espana,centro.manager@datadays.local,V003,Lucia Perez,Partner,Pendiente,Tarjeta,2,420.00,95.00,0.08,840.00,67.20,772.80,190.00,582.80,2026-08-05
VEN-00378,2026-06-30,2026,6,Junio,C001,Northwind Retail,Enterprise,retail,P001,Fabric Capacity F64,Cloud Analytics,Microsoft,R001,Norte,Espana,norte.manager@datadays.local,V001,Ana Torres,Marketplace,Pendiente,Transferencia,3,820.00,510.00,0.10,2460.00,246.00,2214.00,1530.00,684.00,2026-08-05
VEN-00379,2026-04-06,2026,4,Abril,C006,Proseware Labs,SMB,technology,P005,SQL Analytics Pack,Data Warehouse,Microsoft,R003,Sur,Espana,sur.manager@datadays.local,V002,Carlos Molina,Online,Completado,Tarjeta,11,310.00,155.00,0.10,3410.00,341.00,3069.00,1705.00,1364.00,2026-08-05
VEN-00380,2026-05-21,2026,5,Mayo,C006,Proseware Labs,SMB,technology,P005,SQL Analytics Pack,Data Warehouse,Microsoft,R001,Norte,Espana,norte.manager@datadays.local,V002,Carlos Molina,Online,Completado,Transferencia,10,310.00,155.00,0.08,3100.00,248.00,2852.00,1550.00,1302.00,2026-08-05
VEN-00381,2026-02-17,2026,2,Febrero,C010,Blue Yonder Airlines,Enterprise,travel,P001,Fabric Capacity F64,Cloud Analytics,Microsoft,R002,Centro,Espana,centro.manager@datadays.local,V003,Lucia Perez,Marketplace,Completado,Transferencia,3,820.00,510.00,0.10,2460.00,246.00,2214.00,1530.00,684.00,2026-08-05
VEN-00382,2026-04-27,2026,4,Abril,C006,Proseware Labs,SMB,technology,P004,Azure Data Lake Storage,Storage,Microsoft,R004,Latam,Mexico,latam.manager@datadays.local,V003,Lucia Perez,Marketplace,Pendiente,Orden de compra,8,95.00,42.00,0.05,760.00,38.00,722.00,336.00,386.00,2026-08-05
VEN-00383,2026-04-04,2026,4,Abril,C001,Northwind Retail,Enterprise,retail,P006,Data Engineering Workshop,Training,Data Days,R003,Sur,Espana,sur.manager@datadays.local,V004,Miguel Santos,Enterprise Sales,Cancelado,Orden de compra,5,680.00,180.00,0.10,3400.00,340.00,3060.00,900.00,2160.00,2026-08-05
VEN-00384,2026-02-13,2026,2,Febrero,C005,Litware Stores,SMB,retail,P003,Power BI Premium User,Business Intelligence,Microsoft,R002,Centro,Espana,centro.manager@datadays.local,V002,Carlos Molina,Partner,Completado,Transferencia,9,22.80,7.20,0.05,205.20,10.26,194.94,64.80,130.14,2026-08-05
VEN-00385,2026-01-23,2026,1,Enero,C008,Wide World Importers,Enterprise,distribution,P008,Governance Advisory,Consulting,Data Days,R001,Norte,Espana,norte.manager@datadays.local,V005,Sofia Ramirez,Marketplace,Completado,Tarjeta,5,1250.00,420.00,0.03,6250.00,187.50,6062.50,2100.00,3962.50,2026-08-05
VEN-00386,2026-03-30,2026,3,Marzo,C007,Tailspin Toys,SMB,retail,P005,SQL Analytics Pack,Data Warehouse,Microsoft,R001,Norte,Espana,norte.manager@datadays.local,V002,Carlos Molina,Enterprise Sales,Completado,Tarjeta,8,310.00,155.00,0.10,2480.00,248.00,2232.00,1240.00,992.00,2026-08-05
VEN-00387,2026-02-13,2026,2,Febrero,C006,Proseware Labs,SMB,technology,P007,DP-600 Exam Prep,Training,Data Days,R002,Centro,Espana,centro.manager@datadays.local,V005,Sofia Ramirez,Online,Completado,Tarjeta,7,420.00,95.00,0.15,2940.00,441.00,2499.00,665.00,1834.00,2026-08-05
VEN-00388,2026-03-29,2026,3,Marzo,C004,Adventure Works,Corporate,manufacturing,P002,Power BI Pro,Business Intelligence,Microsoft,R004,Latam,Mexico,latam.manager@datadays.local,V001,Ana Torres,Partner,Completado,Transferencia,8,13.70,4.10,0.08,109.60,8.77,100.83,32.80,68.03,2026-08-05
VEN-00389,2026-02-22,2026,2,Febrero,C005,Litware Stores,SMB,retail,P004,Azure Data Lake Storage,Storage,Microsoft,R003,Sur,Espana,sur.manager@datadays.local,V004,Miguel Santos,Marketplace,Pendiente,Orden de compra,12,95.00,42.00,0.08,1140.00,91.20,1048.80,504.00,544.80,2026-08-05
VEN-00390,2026-04-04,2026,4,Abril,C003,Fabrikam Digital,Corporate,technology,P006,Data Engineering Workshop,Training,Data Days,R004,Latam,Mexico,latam.manager@datadays.local,V004,Miguel Santos,Partner,Pendiente,Transferencia,9,680.00,180.00,0.08,6120.00,489.60,5630.40,1620.00,4010.40,2026-08-05
VEN-00391,2026-05-20,2026,5,Mayo,C005,Litware Stores,SMB,retail,P001,Fabric Capacity F64,Cloud Analytics,Microsoft,R002,Centro,Espana,centro.manager@datadays.local,V002,Carlos Molina,Online,Completado,Orden de compra,11,820.00,510.00,0.05,9020.00,451.00,8569.00,5610.00,2959.00,2026-08-05
VEN-00392,2026-02-15,2026,2,Febrero,C008,Wide World Importers,Enterprise,distribution,P002,Power BI Pro,Business Intelligence,Microsoft,R001,Norte,Espana,norte.manager@datadays.local,V002,Carlos Molina,Partner,Pendiente,Transferencia,6,13.70,4.10,0.03,82.20,2.47,79.73,24.60,55.13,2026-08-05
VEN-00393,2026-03-20,2026,3,Marzo,C007,Tailspin Toys,SMB,retail,P004,Azure Data Lake Storage,Storage,Microsoft,R001,Norte,Espana,norte.manager@datadays.local,V002,Carlos Molina,Marketplace,Completado,Orden de compra,11,95.00,42.00,0.15,1045.00,156.75,888.25,462.00,426.25,2026-08-05
VEN-00394,2026-04-03,2026,4,Abril,C001,Northwind Retail,Enterprise,retail,P007,DP-600 Exam Prep,Training,Data Days,R004,Latam,Mexico,latam.manager@datadays.local,V002,Carlos Molina,Online,Cancelado,Transferencia,3,420.00,95.00,0.08,1260.00,100.80,1159.20,285.00,874.20,2026-08-05
VEN-00395,2026-02-14,2026,2,Febrero,C003,Fabrikam Digital,Corporate,technology,P001,Fabric Capacity F64,Cloud Analytics,Microsoft,R003,Sur,Espana,sur.manager@datadays.local,V004,Miguel Santos,Partner,Completado,Tarjeta,4,820.00,510.00,0.10,3280.00,328.00,2952.00,2040.00,912.00,2026-08-05
VEN-00396,2026-04-08,2026,4,Abril,C007,Tailspin Toys,SMB,retail,P008,Governance Advisory,Consulting,Data Days,R003,Sur,Espana,sur.manager@datadays.local,V001,Ana Torres,Enterprise Sales,Pendiente,Orden de compra,7,1250.00,420.00,0.08,8750.00,700.00,8050.00,2940.00,5110.00,2026-08-05
VEN-00397,2026-02-20,2026,2,Febrero,C001,Northwind Retail,Enterprise,retail,P001,Fabric Capacity F64,Cloud Analytics,Microsoft,R002,Centro,Espana,centro.manager@datadays.local,V004,Miguel Santos,Enterprise Sales,Cancelado,Tarjeta,4,820.00,510.00,0.00,3280.00,0.00,3280.00,2040.00,1240.00,2026-08-05
VEN-00398,2026-02-06,2026,2,Febrero,C006,Proseware Labs,SMB,technology,P002,Power BI Pro,Business Intelligence,Microsoft,R003,Sur,Espana,sur.manager@datadays.local,V002,Carlos Molina,Online,Cancelado,Orden de compra,2,13.70,4.10,0.00,27.40,0.00,27.40,8.20,19.20,2026-08-05
VEN-00399,2026-02-23,2026,2,Febrero,C008,Wide World Importers,Enterprise,distribution,P002,Power BI Pro,Business Intelligence,Microsoft,R003,Sur,Espana,sur.manager@datadays.local,V001,Ana Torres,Partner,Completado,Transferencia,5,13.70,4.10,0.00,68.50,0.00,68.50,20.50,48.00,2026-08-05
VEN-00400,2026-06-03,2026,6,Junio,C010,Blue Yonder Airlines,Enterprise,travel,P002,Power BI Pro,Business Intelligence,Microsoft,R003,Sur,Espana,sur.manager@datadays.local,V001,Ana Torres,Online,Pendiente,Orden de compra,2,13.70,4.10,0.03,27.40,0.82,26.58,8.20,18.38,2026-08-05
VEN-00401,2026-03-20,2026,3,Marzo,C004,Adventure Works,Corporate,manufacturing,P007,DP-600 Exam Prep,Training,Data Days,R004,Latam,Mexico,latam.manager@datadays.local,V001,Ana Torres,Marketplace,Completado,Transferencia,12,420.00,95.00,0.08,5040.00,403.20,4636.80,1140.00,3496.80,2026-08-05
VEN-00402,2026-05-16,2026,5,Mayo,C001,Northwind Retail,Enterprise,retail,P003,Power BI Premium User,Business Intelligence,Microsoft,R003,Sur,Espana,sur.manager@datadays.local,V004,Miguel Santos,Enterprise Sales,Cancelado,Transferencia,4,22.80,7.20,0.03,91.20,2.74,88.46,28.80,59.66,2026-08-05
VEN-00403,2026-05-15,2026,5,Mayo,C006,Proseware Labs,SMB,technology,P003,Power BI Premium User,Business Intelligence,Microsoft,R003,Sur,Espana,sur.manager@datadays.local,V003,Lucia Perez,Marketplace,Cancelado,Orden de compra,2,22.80,7.20,0.03,45.60,1.37,44.23,14.40,29.83,2026-08-05
VEN-00404,2026-03-29,2026,3,Marzo,C005,Litware Stores,SMB,retail,P007,DP-600 Exam Prep,Training,Data Days,R003,Sur,Espana,sur.manager@datadays.local,V005,Sofia Ramirez,Partner,Cancelado,Tarjeta,2,420.00,95.00,0.05,840.00,42.00,798.00,190.00,608.00,2026-08-05
VEN-00405,2026-04-07,2026,4,Abril,C003,Fabrikam Digital,Corporate,technology,P005,SQL Analytics Pack,Data Warehouse,Microsoft,R003,Sur,Espana,sur.manager@datadays.local,V004,Miguel Santos,Partner,Pendiente,Orden de compra,7,310.00,155.00,0.00,2170.00,0.00,2170.00,1085.00,1085.00,2026-08-05
VEN-00406,2026-04-25,2026,4,Abril,C009,Graphic Design Institute,Corporate,education,P004,Azure Data Lake Storage,Storage,Microsoft,R001,Norte,Espana,norte.manager@datadays.local,V003,Lucia Perez,Enterprise Sales,Pendiente,Transferencia,5,95.00,42.00,0.03,475.00,14.25,460.75,210.00,250.75,2026-08-05
VEN-00407,2026-02-08,2026,2,Febrero,C002,Contoso Market,Enterprise,retail,P007,DP-600 Exam Prep,Training,Data Days,R004,Latam,Mexico,latam.manager@datadays.local,V003,Lucia Perez,Marketplace,Cancelado,Tarjeta,6,420.00,95.00,0.10,2520.00,252.00,2268.00,570.00,1698.00,2026-08-05
VEN-00408,2026-06-01,2026,6,Junio,C003,Fabrikam Digital,Corporate,technology,P003,Power BI Premium User,Business Intelligence,Microsoft,R004,Latam,Mexico,latam.manager@datadays.local,V003,Lucia Perez,Partner,Cancelado,Transferencia,10,22.80,7.20,0.05,228.00,11.40,216.60,72.00,144.60,2026-08-05
VEN-00409,2026-06-03,2026,6,Junio,C006,Proseware Labs,SMB,technology,P005,SQL Analytics Pack,Data Warehouse,Microsoft,R002,Centro,Espana,centro.manager@datadays.local,V005,Sofia Ramirez,Partner,Cancelado,Orden de compra,8,310.00,155.00,0.08,2480.00,198.40,2281.60,1240.00,1041.60,2026-08-05
VEN-00410,2026-06-10,2026,6,Junio,C008,Wide World Importers,Enterprise,distribution,P002,Power BI Pro,Business Intelligence,Microsoft,R001,Norte,Espana,norte.manager@datadays.local,V003,Lucia Perez,Enterprise Sales,Completado,Orden de compra,10,13.70,4.10,0.00,137.00,0.00,137.00,41.00,96.00,2026-08-05
VEN-00411,2026-01-28,2026,1,Enero,C007,Tailspin Toys,SMB,retail,P003,Power BI Premium User,Business Intelligence,Microsoft,R004,Latam,Mexico,latam.manager@datadays.local,V003,Lucia Perez,Partner,Cancelado,Tarjeta,2,22.80,7.20,0.10,45.60,4.56,41.04,14.40,26.64,2026-08-05
VEN-00412,2026-02-06,2026,2,Febrero,C001,Northwind Retail,Enterprise,retail,P001,Fabric Capacity F64,Cloud Analytics,Microsoft,R004,Latam,Mexico,latam.manager@datadays.local,V004,Miguel Santos,Marketplace,Completado,Transferencia,11,820.00,510.00,0.00,9020.00,0.00,9020.00,5610.00,3410.00,2026-08-05
VEN-00413,2026-01-08,2026,1,Enero,C009,Graphic Design Institute,Corporate,education,P006,Data Engineering Workshop,Training,Data Days,R001,Norte,Espana,norte.manager@datadays.local,V003,Lucia Perez,Partner,Completado,Transferencia,12,680.00,180.00,0.03,8160.00,244.80,7915.20,2160.00,5755.20,2026-08-05
VEN-00414,2026-03-11,2026,3,Marzo,C008,Wide World Importers,Enterprise,distribution,P004,Azure Data Lake Storage,Storage,Microsoft,R004,Latam,Mexico,latam.manager@datadays.local,V001,Ana Torres,Enterprise Sales,Completado,Transferencia,8,95.00,42.00,0.08,760.00,60.80,699.20,336.00,363.20,2026-08-05
VEN-00415,2026-01-14,2026,1,Enero,C006,Proseware Labs,SMB,technology,P005,SQL Analytics Pack,Data Warehouse,Microsoft,R004,Latam,Mexico,latam.manager@datadays.local,V004,Miguel Santos,Online,Completado,Orden de compra,12,310.00,155.00,0.00,3720.00,0.00,3720.00,1860.00,1860.00,2026-08-05
VEN-00416,2026-03-01,2026,3,Marzo,C007,Tailspin Toys,SMB,retail,P004,Azure Data Lake Storage,Storage,Microsoft,R003,Sur,Espana,sur.manager@datadays.local,V001,Ana Torres,Marketplace,Cancelado,Transferencia,5,95.00,42.00,0.15,475.00,71.25,403.75,210.00,193.75,2026-08-05
VEN-00417,2026-06-05,2026,6,Junio,C006,Proseware Labs,SMB,technology,P003,Power BI Premium User,Business Intelligence,Microsoft,R001,Norte,Espana,norte.manager@datadays.local,V002,Carlos Molina,Online,Completado,Tarjeta,1,22.80,7.20,0.08,22.80,1.82,20.98,7.20,13.78,2026-08-05
VEN-00418,2026-03-14,2026,3,Marzo,C006,Proseware Labs,SMB,technology,P001,Fabric Capacity F64,Cloud Analytics,Microsoft,R002,Centro,Espana,centro.manager@datadays.local,V005,Sofia Ramirez,Enterprise Sales,Pendiente,Transferencia,10,820.00,510.00,0.08,8200.00,656.00,7544.00,5100.00,2444.00,2026-08-05
VEN-00419,2026-05-28,2026,5,Mayo,C006,Proseware Labs,SMB,technology,P008,Governance Advisory,Consulting,Data Days,R002,Centro,Espana,centro.manager@datadays.local,V004,Miguel Santos,Marketplace,Cancelado,Orden de compra,6,1250.00,420.00,0.15,7500.00,1125.00,6375.00,2520.00,3855.00,2026-08-05
VEN-00420,2026-03-09,2026,3,Marzo,C006,Proseware Labs,SMB,technology,P002,Power BI Pro,Business Intelligence,Microsoft,R004,Latam,Mexico,latam.manager@datadays.local,V003,Lucia Perez,Partner,Completado,Orden de compra,11,13.70,4.10,0.15,150.70,22.60,128.09,45.10,83.00,2026-08-05
VEN-00421,2026-03-02,2026,3,Marzo,C004,Adventure Works,Corporate,manufacturing,P006,Data Engineering Workshop,Training,Data Days,R001,Norte,Espana,norte.manager@datadays.local,V005,Sofia Ramirez,Partner,Completado,Tarjeta,1,680.00,180.00,0.15,680.00,102.00,578.00,180.00,398.00,2026-08-05
VEN-00422,2026-02-19,2026,2,Febrero,C003,Fabrikam Digital,Corporate,technology,P002,Power BI Pro,Business Intelligence,Microsoft,R004,Latam,Mexico,latam.manager@datadays.local,V004,Miguel Santos,Enterprise Sales,Cancelado,Tarjeta,5,13.70,4.10,0.00,68.50,0.00,68.50,20.50,48.00,2026-08-05
VEN-00423,2026-05-24,2026,5,Mayo,C005,Litware Stores,SMB,retail,P004,Azure Data Lake Storage,Storage,Microsoft,R001,Norte,Espana,norte.manager@datadays.local,V001,Ana Torres,Enterprise Sales,Completado,Orden de compra,2,95.00,42.00,0.08,190.00,15.20,174.80,84.00,90.80,2026-08-05
VEN-00424,2026-04-02,2026,4,Abril,C007,Tailspin Toys,SMB,retail,P008,Governance Advisory,Consulting,Data Days,R001,Norte,Espana,norte.manager@datadays.local,V001,Ana Torres,Marketplace,Completado,Transferencia,9,1250.00,420.00,0.00,11250.00,0.00,11250.00,3780.00,7470.00,2026-08-05
VEN-00425,2026-01-20,2026,1,Enero,C009,Graphic Design Institute,Corporate,education,P001,Fabric Capacity F64,Cloud Analytics,Microsoft,R001,Norte,Espana,norte.manager@datadays.local,V004,Miguel Santos,Enterprise Sales,Completado,Orden de compra,10,820.00,510.00,0.10,8200.00,820.00,7380.00,5100.00,2280.00,2026-08-05
VEN-00426,2026-02-12,2026,2,Febrero,C001,Northwind Retail,Enterprise,retail,P001,Fabric Capacity F64,Cloud Analytics,Microsoft,R003,Sur,Espana,sur.manager@datadays.local,V003,Lucia Perez,Partner,Pendiente,Transferencia,1,820.00,510.00,0.10,820.00,82.00,738.00,510.00,228.00,2026-08-05
VEN-00427,2026-06-05,2026,6,Junio,C009,Graphic Design Institute,Corporate,education,P002,Power BI Pro,Business Intelligence,Microsoft,R001,Norte,Espana,norte.manager@datadays.local,V005,Sofia Ramirez,Enterprise Sales,Completado,Transferencia,11,13.70,4.10,0.08,150.70,12.06,138.64,45.10,93.54,2026-08-05
VEN-00428,2026-05-31,2026,5,Mayo,C007,Tailspin Toys,SMB,retail,P001,Fabric Capacity F64,Cloud Analytics,Microsoft,R001,Norte,Espana,norte.manager@datadays.local,V002,Carlos Molina,Marketplace,Pendiente,Tarjeta,2,820.00,510.00,0.00,1640.00,0.00,1640.00,1020.00,620.00,2026-08-05
VEN-00429,2026-02-18,2026,2,Febrero,C006,Proseware Labs,SMB,technology,P004,Azure Data Lake Storage,Storage,Microsoft,R002,Centro,Espana,centro.manager@datadays.local,V001,Ana Torres,Partner,Pendiente,Tarjeta,8,95.00,42.00,0.00,760.00,0.00,760.00,336.00,424.00,2026-08-05
VEN-00430,2026-03-15,2026,3,Marzo,C005,Litware Stores,SMB,retail,P002,Power BI Pro,Business Intelligence,Microsoft,R002,Centro,Espana,centro.manager@datadays.local,V002,Carlos Molina,Partner,Cancelado,Orden de compra,1,13.70,4.10,0.15,13.70,2.05,11.64,4.10,7.54,2026-08-05
VEN-00431,2026-02-26,2026,2,Febrero,C003,Fabrikam Digital,Corporate,technology,P002,Power BI Pro,Business Intelligence,Microsoft,R003,Sur,Espana,sur.manager@datadays.local,V003,Lucia Perez,Online,Completado,Orden de compra,1,13.70,4.10,0.00,13.70,0.00,13.70,4.10,9.60,2026-08-05
VEN-00432,2026-03-19,2026,3,Marzo,C004,Adventure Works,Corporate,manufacturing,P004,Azure Data Lake Storage,Storage,Microsoft,R003,Sur,Espana,sur.manager@datadays.local,V004,Miguel Santos,Enterprise Sales,Pendiente,Orden de compra,6,95.00,42.00,0.08,570.00,45.60,524.40,252.00,272.40,2026-08-05
VEN-00433,2026-06-12,2026,6,Junio,C005,Litware Stores,SMB,retail,P007,DP-600 Exam Prep,Training,Data Days,R001,Norte,Espana,norte.manager@datadays.local,V001,Ana Torres,Partner,Completado,Tarjeta,5,420.00,95.00,0.00,2100.00,0.00,2100.00,475.00,1625.00,2026-08-05
VEN-00434,2026-04-10,2026,4,Abril,C010,Blue Yonder Airlines,Enterprise,travel,P002,Power BI Pro,Business Intelligence,Microsoft,R001,Norte,Espana,norte.manager@datadays.local,V002,Carlos Molina,Enterprise Sales,Completado,Transferencia,12,13.70,4.10,0.08,164.40,13.15,151.25,49.20,102.05,2026-08-05
VEN-00435,2026-05-11,2026,5,Mayo,C002,Contoso Market,Enterprise,retail,P005,SQL Analytics Pack,Data Warehouse,Microsoft,R001,Norte,Espana,norte.manager@datadays.local,V004,Miguel Santos,Online,Cancelado,Tarjeta,3,310.00,155.00,0.00,930.00,0.00,930.00,465.00,465.00,2026-08-05
VEN-00436,2026-02-16,2026,2,Febrero,C005,Litware Stores,SMB,retail,P008,Governance Advisory,Consulting,Data Days,R002,Centro,Espana,centro.manager@datadays.local,V003,Lucia Perez,Enterprise Sales,Completado,Orden de compra,9,1250.00,420.00,0.08,11250.00,900.00,10350.00,3780.00,6570.00,2026-08-05
VEN-00437,2026-04-03,2026,4,Abril,C006,Proseware Labs,SMB,technology,P006,Data Engineering Workshop,Training,Data Days,R004,Latam,Mexico,latam.manager@datadays.local,V002,Carlos Molina,Partner,Pendiente,Tarjeta,12,680.00,180.00,0.00,8160.00,0.00,8160.00,2160.00,6000.00,2026-08-05
VEN-00438,2026-04-14,2026,4,Abril,C010,Blue Yonder Airlines,Enterprise,travel,P006,Data Engineering Workshop,Training,Data Days,R002,Centro,Espana,centro.manager@datadays.local,V002,Carlos Molina,Enterprise Sales,Cancelado,Orden de compra,3,680.00,180.00,0.05,2040.00,102.00,1938.00,540.00,1398.00,2026-08-05
VEN-00439,2026-03-16,2026,3,Marzo,C003,Fabrikam Digital,Corporate,technology,P007,DP-600 Exam Prep,Training,Data Days,R002,Centro,Espana,centro.manager@datadays.local,V001,Ana Torres,Marketplace,Completado,Orden de compra,6,420.00,95.00,0.00,2520.00,0.00,2520.00,570.00,1950.00,2026-08-05
VEN-00440,2026-02-22,2026,2,Febrero,C010,Blue Yonder Airlines,Enterprise,travel,P006,Data Engineering Workshop,Training,Data Days,R004,Latam,Mexico,latam.manager@datadays.local,V003,Lucia Perez,Enterprise Sales,Completado,Orden de compra,10,680.00,180.00,0.05,6800.00,340.00,6460.00,1800.00,4660.00,2026-08-05
VEN-00441,2026-03-31,2026,3,Marzo,C005,Litware Stores,SMB,retail,P005,SQL Analytics Pack,Data Warehouse,Microsoft,R001,Norte,Espana,norte.manager@datadays.local,V002,Carlos Molina,Marketplace,Completado,Transferencia,12,310.00,155.00,0.00,3720.00,0.00,3720.00,1860.00,1860.00,2026-08-05
VEN-00442,2026-01-27,2026,1,Enero,C010,Blue Yonder Airlines,Enterprise,travel,P002,Power BI Pro,Business Intelligence,Microsoft,R002,Centro,Espana,centro.manager@datadays.local,V005,Sofia Ramirez,Online,Cancelado,Tarjeta,3,13.70,4.10,0.10,41.10,4.11,36.99,12.30,24.69,2026-08-05
VEN-00443,2026-04-24,2026,4,Abril,C006,Proseware Labs,SMB,technology,P001,Fabric Capacity F64,Cloud Analytics,Microsoft,R002,Centro,Espana,centro.manager@datadays.local,V002,Carlos Molina,Partner,Completado,Transferencia,6,820.00,510.00,0.15,4920.00,738.00,4182.00,3060.00,1122.00,2026-08-05
VEN-00444,2026-02-10,2026,2,Febrero,C006,Proseware Labs,SMB,technology,P006,Data Engineering Workshop,Training,Data Days,R004,Latam,Mexico,latam.manager@datadays.local,V003,Lucia Perez,Partner,Completado,Transferencia,6,680.00,180.00,0.08,4080.00,326.40,3753.60,1080.00,2673.60,2026-08-05
VEN-00445,2026-01-03,2026,1,Enero,C004,Adventure Works,Corporate,manufacturing,P008,Governance Advisory,Consulting,Data Days,R001,Norte,Espana,norte.manager@datadays.local,V005,Sofia Ramirez,Online,Completado,Orden de compra,9,1250.00,420.00,0.00,11250.00,0.00,11250.00,3780.00,7470.00,2026-08-05
VEN-00446,2026-06-22,2026,6,Junio,C010,Blue Yonder Airlines,Enterprise,travel,P006,Data Engineering Workshop,Training,Data Days,R004,Latam,Mexico,latam.manager@datadays.local,V001,Ana Torres,Enterprise Sales,Completado,Transferencia,3,680.00,180.00,0.08,2040.00,163.20,1876.80,540.00,1336.80,2026-08-05
VEN-00447,2026-01-22,2026,1,Enero,C004,Adventure Works,Corporate,manufacturing,P003,Power BI Premium User,Business Intelligence,Microsoft,R003,Sur,Espana,sur.manager@datadays.local,V005,Sofia Ramirez,Partner,Completado,Transferencia,11,22.80,7.20,0.10,250.80,25.08,225.72,79.20,146.52,2026-08-05
VEN-00448,2026-03-31,2026,3,Marzo,C006,Proseware Labs,SMB,technology,P002,Power BI Pro,Business Intelligence,Microsoft,R004,Latam,Mexico,latam.manager@datadays.local,V003,Lucia Perez,Enterprise Sales,Completado,Orden de compra,6,13.70,4.10,0.03,82.20,2.47,79.73,24.60,55.13,2026-08-05
VEN-00449,2026-06-04,2026,6,Junio,C005,Litware Stores,SMB,retail,P003,Power BI Premium User,Business Intelligence,Microsoft,R002,Centro,Espana,centro.manager@datadays.local,V004,Miguel Santos,Partner,Pendiente,Orden de compra,12,22.80,7.20,0.00,273.60,0.00,273.60,86.40,187.20,2026-08-05
VEN-00450,2026-04-02,2026,4,Abril,C010,Blue Yonder Airlines,Enterprise,travel,P003,Power BI Premium User,Business Intelligence,Microsoft,R004,Latam,Mexico,latam.manager@datadays.local,V004,Miguel Santos,Online,Completado,Tarjeta,11,22.80,7.20,0.10,250.80,25.08,225.72,79.20,146.52,2026-08-05
VEN-00451,2026-02-27,2026,2,Febrero,C003,Fabrikam Digital,Corporate,technology,P008,Governance Advisory,Consulting,Data Days,R002,Centro,Espana,centro.manager@datadays.local,V004,Miguel Santos,Partner,Completado,Orden de compra,8,1250.00,420.00,0.05,10000.00,500.00,9500.00,3360.00,6140.00,2026-08-05
VEN-00452,2026-01-14,2026,1,Enero,C001,Northwind Retail,Enterprise,retail,P006,Data Engineering Workshop,Training,Data Days,R002,Centro,Espana,centro.manager@datadays.local,V003,Lucia Perez,Marketplace,Cancelado,Orden de compra,12,680.00,180.00,0.03,8160.00,244.80,7915.20,2160.00,5755.20,2026-08-05
VEN-00453,2026-01-17,2026,1,Enero,C005,Litware Stores,SMB,retail,P004,Azure Data Lake Storage,Storage,Microsoft,R001,Norte,Espana,norte.manager@datadays.local,V005,Sofia Ramirez,Partner,Completado,Transferencia,2,95.00,42.00,0.00,190.00,0.00,190.00,84.00,106.00,2026-08-05
VEN-00454,2026-04-14,2026,4,Abril,C004,Adventure Works,Corporate,manufacturing,P001,Fabric Capacity F64,Cloud Analytics,Microsoft,R001,Norte,Espana,norte.manager@datadays.local,V003,Lucia Perez,Enterprise Sales,Completado,Tarjeta,9,820.00,510.00,0.15,7380.00,1107.00,6273.00,4590.00,1683.00,2026-08-05
VEN-00455,2026-04-21,2026,4,Abril,C002,Contoso Market,Enterprise,retail,P008,Governance Advisory,Consulting,Data Days,R002,Centro,Espana,centro.manager@datadays.local,V004,Miguel Santos,Enterprise Sales,Pendiente,Transferencia,3,1250.00,420.00,0.03,3750.00,112.50,3637.50,1260.00,2377.50,2026-08-05
VEN-00456,2026-05-02,2026,5,Mayo,C009,Graphic Design Institute,Corporate,education,P004,Azure Data Lake Storage,Storage,Microsoft,R003,Sur,Espana,sur.manager@datadays.local,V002,Carlos Molina,Marketplace,Completado,Orden de compra,6,95.00,42.00,0.00,570.00,0.00,570.00,252.00,318.00,2026-08-05
VEN-00457,2026-02-04,2026,2,Febrero,C010,Blue Yonder Airlines,Enterprise,travel,P005,SQL Analytics Pack,Data Warehouse,Microsoft,R003,Sur,Espana,sur.manager@datadays.local,V005,Sofia Ramirez,Partner,Completado,Orden de compra,7,310.00,155.00,0.00,2170.00,0.00,2170.00,1085.00,1085.00,2026-08-05
VEN-00458,2026-04-05,2026,4,Abril,C010,Blue Yonder Airlines,Enterprise,travel,P002,Power BI Pro,Business Intelligence,Microsoft,R001,Norte,Espana,norte.manager@datadays.local,V001,Ana Torres,Online,Completado,Orden de compra,6,13.70,4.10,0.03,82.20,2.47,79.73,24.60,55.13,2026-08-05
VEN-00459,2026-05-03,2026,5,Mayo,C005,Litware Stores,SMB,retail,P002,Power BI Pro,Business Intelligence,Microsoft,R003,Sur,Espana,sur.manager@datadays.local,V001,Ana Torres,Partner,Cancelado,Transferencia,11,13.70,4.10,0.10,150.70,15.07,135.63,45.10,90.53,2026-08-05
VEN-00460,2026-03-28,2026,3,Marzo,C007,Tailspin Toys,SMB,retail,P003,Power BI Premium User,Business Intelligence,Microsoft,R001,Norte,Espana,norte.manager@datadays.local,V002,Carlos Molina,Marketplace,Completado,Orden de compra,8,22.80,7.20,0.03,182.40,5.47,176.93,57.60,119.33,2026-08-05
VEN-00461,2026-06-08,2026,6,Junio,C008,Wide World Importers,Enterprise,distribution,P001,Fabric Capacity F64,Cloud Analytics,Microsoft,R001,Norte,Espana,norte.manager@datadays.local,V001,Ana Torres,Online,Cancelado,Orden de compra,8,820.00,510.00,0.10,6560.00,656.00,5904.00,4080.00,1824.00,2026-08-05
VEN-00462,2026-05-31,2026,5,Mayo,C002,Contoso Market,Enterprise,retail,P004,Azure Data Lake Storage,Storage,Microsoft,R004,Latam,Mexico,latam.manager@datadays.local,V001,Ana Torres,Online,Pendiente,Tarjeta,6,95.00,42.00,0.03,570.00,17.10,552.90,252.00,300.90,2026-08-05
VEN-00463,2026-03-24,2026,3,Marzo,C003,Fabrikam Digital,Corporate,technology,P006,Data Engineering Workshop,Training,Data Days,R003,Sur,Espana,sur.manager@datadays.local,V001,Ana Torres,Partner,Cancelado,Orden de compra,10,680.00,180.00,0.03,6800.00,204.00,6596.00,1800.00,4796.00,2026-08-05
VEN-00464,2026-01-05,2026,1,Enero,C005,Litware Stores,SMB,retail,P001,Fabric Capacity F64,Cloud Analytics,Microsoft,R003,Sur,Espana,sur.manager@datadays.local,V001,Ana Torres,Partner,Cancelado,Orden de compra,3,820.00,510.00,0.08,2460.00,196.80,2263.20,1530.00,733.20,2026-08-05
VEN-00465,2026-04-27,2026,4,Abril,C005,Litware Stores,SMB,retail,P006,Data Engineering Workshop,Training,Data Days,R002,Centro,Espana,centro.manager@datadays.local,V001,Ana Torres,Marketplace,Completado,Transferencia,9,680.00,180.00,0.03,6120.00,183.60,5936.40,1620.00,4316.40,2026-08-05
VEN-00466,2026-03-05,2026,3,Marzo,C005,Litware Stores,SMB,retail,P001,Fabric Capacity F64,Cloud Analytics,Microsoft,R004,Latam,Mexico,latam.manager@datadays.local,V005,Sofia Ramirez,Marketplace,Completado,Orden de compra,5,820.00,510.00,0.08,4100.00,328.00,3772.00,2550.00,1222.00,2026-08-05
VEN-00467,2026-02-07,2026,2,Febrero,C004,Adventure Works,Corporate,manufacturing,P008,Governance Advisory,Consulting,Data Days,R003,Sur,Espana,sur.manager@datadays.local,V004,Miguel Santos,Partner,Completado,Orden de compra,9,1250.00,420.00,0.08,11250.00,900.00,10350.00,3780.00,6570.00,2026-08-05
VEN-00468,2026-01-31,2026,1,Enero,C004,Adventure Works,Corporate,manufacturing,P001,Fabric Capacity F64,Cloud Analytics,Microsoft,R003,Sur,Espana,sur.manager@datadays.local,V002,Carlos Molina,Partner,Pendiente,Orden de compra,4,820.00,510.00,0.00,3280.00,0.00,3280.00,2040.00,1240.00,2026-08-05
VEN-00469,2026-01-14,2026,1,Enero,C010,Blue Yonder Airlines,Enterprise,travel,P003,Power BI Premium User,Business Intelligence,Microsoft,R004,Latam,Mexico,latam.manager@datadays.local,V004,Miguel Santos,Marketplace,Cancelado,Orden de compra,6,22.80,7.20,0.15,136.80,20.52,116.28,43.20,73.08,2026-08-05
VEN-00470,2026-05-23,2026,5,Mayo,C001,Northwind Retail,Enterprise,retail,P002,Power BI Pro,Business Intelligence,Microsoft,R003,Sur,Espana,sur.manager@datadays.local,V002,Carlos Molina,Partner,Completado,Transferencia,1,13.70,4.10,0.05,13.70,0.69,13.01,4.10,8.91,2026-08-05
VEN-00471,2026-04-01,2026,4,Abril,C002,Contoso Market,Enterprise,retail,P007,DP-600 Exam Prep,Training,Data Days,R004,Latam,Mexico,latam.manager@datadays.local,V001,Ana Torres,Enterprise Sales,Completado,Tarjeta,11,420.00,95.00,0.05,4620.00,231.00,4389.00,1045.00,3344.00,2026-08-05
VEN-00472,2026-05-13,2026,5,Mayo,C002,Contoso Market,Enterprise,retail,P001,Fabric Capacity F64,Cloud Analytics,Microsoft,R004,Latam,Mexico,latam.manager@datadays.local,V001,Ana Torres,Online,Completado,Tarjeta,4,820.00,510.00,0.03,3280.00,98.40,3181.60,2040.00,1141.60,2026-08-05
VEN-00473,2026-04-05,2026,4,Abril,C004,Adventure Works,Corporate,manufacturing,P006,Data Engineering Workshop,Training,Data Days,R002,Centro,Espana,centro.manager@datadays.local,V001,Ana Torres,Enterprise Sales,Completado,Tarjeta,9,680.00,180.00,0.15,6120.00,918.00,5202.00,1620.00,3582.00,2026-08-05
VEN-00474,2026-01-27,2026,1,Enero,C003,Fabrikam Digital,Corporate,technology,P003,Power BI Premium User,Business Intelligence,Microsoft,R002,Centro,Espana,centro.manager@datadays.local,V004,Miguel Santos,Partner,Pendiente,Tarjeta,10,22.80,7.20,0.00,228.00,0.00,228.00,72.00,156.00,2026-08-05
VEN-00475,2026-05-13,2026,5,Mayo,C009,Graphic Design Institute,Corporate,education,P005,SQL Analytics Pack,Data Warehouse,Microsoft,R001,Norte,Espana,norte.manager@datadays.local,V004,Miguel Santos,Enterprise Sales,Pendiente,Orden de compra,1,310.00,155.00,0.10,310.00,31.00,279.00,155.00,124.00,2026-08-05
VEN-00476,2026-05-15,2026,5,Mayo,C008,Wide World Importers,Enterprise,distribution,P005,SQL Analytics Pack,Data Warehouse,Microsoft,R001,Norte,Espana,norte.manager@datadays.local,V002,Carlos Molina,Online,Completado,Transferencia,9,310.00,155.00,0.03,2790.00,83.70,2706.30,1395.00,1311.30,2026-08-05
VEN-00477,2026-04-08,2026,4,Abril,C004,Adventure Works,Corporate,manufacturing,P004,Azure Data Lake Storage,Storage,Microsoft,R001,Norte,Espana,norte.manager@datadays.local,V001,Ana Torres,Marketplace,Completado,Transferencia,10,95.00,42.00,0.08,950.00,76.00,874.00,420.00,454.00,2026-08-05
VEN-00478,2026-03-12,2026,3,Marzo,C008,Wide World Importers,Enterprise,distribution,P003,Power BI Premium User,Business Intelligence,Microsoft,R001,Norte,Espana,norte.manager@datadays.local,V003,Lucia Perez,Online,Completado,Transferencia,12,22.80,7.20,0.08,273.60,21.89,251.71,86.40,165.31,2026-08-05
VEN-00479,2026-04-10,2026,4,Abril,C010,Blue Yonder Airlines,Enterprise,travel,P002,Power BI Pro,Business Intelligence,Microsoft,R004,Latam,Mexico,latam.manager@datadays.local,V003,Lucia Perez,Enterprise Sales,Cancelado,Tarjeta,12,13.70,4.10,0.10,164.40,16.44,147.96,49.20,98.76,2026-08-05
VEN-00480,2026-04-22,2026,4,Abril,C002,Contoso Market,Enterprise,retail,P005,SQL Analytics Pack,Data Warehouse,Microsoft,R001,Norte,Espana,norte.manager@datadays.local,V005,Sofia Ramirez,Partner,Completado,Tarjeta,6,310.00,155.00,0.15,1860.00,279.00,1581.00,930.00,651.00,2026-08-05
VEN-00481,2026-04-20,2026,4,Abril,C001,Northwind Retail,Enterprise,retail,P005,SQL Analytics Pack,Data Warehouse,Microsoft,R003,Sur,Espana,sur.manager@datadays.local,V005,Sofia Ramirez,Enterprise Sales,Completado,Transferencia,3,310.00,155.00,0.03,930.00,27.90,902.10,465.00,437.10,2026-08-05
VEN-00482,2026-01-09,2026,1,Enero,C010,Blue Yonder Airlines,Enterprise,travel,P007,DP-600 Exam Prep,Training,Data Days,R002,Centro,Espana,centro.manager@datadays.local,V003,Lucia Perez,Marketplace,Cancelado,Tarjeta,8,420.00,95.00,0.05,3360.00,168.00,3192.00,760.00,2432.00,2026-08-05
VEN-00483,2026-03-22,2026,3,Marzo,C003,Fabrikam Digital,Corporate,technology,P005,SQL Analytics Pack,Data Warehouse,Microsoft,R004,Latam,Mexico,latam.manager@datadays.local,V003,Lucia Perez,Enterprise Sales,Completado,Tarjeta,8,310.00,155.00,0.03,2480.00,74.40,2405.60,1240.00,1165.60,2026-08-05
VEN-00484,2026-03-05,2026,3,Marzo,C004,Adventure Works,Corporate,manufacturing,P005,SQL Analytics Pack,Data Warehouse,Microsoft,R004,Latam,Mexico,latam.manager@datadays.local,V001,Ana Torres,Enterprise Sales,Cancelado,Orden de compra,4,310.00,155.00,0.00,1240.00,0.00,1240.00,620.00,620.00,2026-08-05
VEN-00485,2026-05-18,2026,5,Mayo,C009,Graphic Design Institute,Corporate,education,P002,Power BI Pro,Business Intelligence,Microsoft,R003,Sur,Espana,sur.manager@datadays.local,V005,Sofia Ramirez,Partner,Completado,Tarjeta,2,13.70,4.10,0.03,27.40,0.82,26.58,8.20,18.38,2026-08-05
VEN-00486,2026-04-26,2026,4,Abril,C008,Wide World Importers,Enterprise,distribution,P006,Data Engineering Workshop,Training,Data Days,R004,Latam,Mexico,latam.manager@datadays.local,V002,Carlos Molina,Online,Completado,Transferencia,12,680.00,180.00,0.15,8160.00,1224.00,6936.00,2160.00,4776.00,2026-08-05
VEN-00487,2026-04-26,2026,4,Abril,C003,Fabrikam Digital,Corporate,technology,P008,Governance Advisory,Consulting,Data Days,R003,Sur,Espana,sur.manager@datadays.local,V002,Carlos Molina,Marketplace,Completado,Transferencia,7,1250.00,420.00,0.03,8750.00,262.50,8487.50,2940.00,5547.50,2026-08-05
VEN-00488,2026-03-14,2026,3,Marzo,C002,Contoso Market,Enterprise,retail,P005,SQL Analytics Pack,Data Warehouse,Microsoft,R002,Centro,Espana,centro.manager@datadays.local,V004,Miguel Santos,Partner,Completado,Tarjeta,5,310.00,155.00,0.00,1550.00,0.00,1550.00,775.00,775.00,2026-08-05
VEN-00489,2026-06-02,2026,6,Junio,C007,Tailspin Toys,SMB,retail,P003,Power BI Premium User,Business Intelligence,Microsoft,R003,Sur,Espana,sur.manager@datadays.local,V005,Sofia Ramirez,Marketplace,Completado,Tarjeta,6,22.80,7.20,0.00,136.80,0.00,136.80,43.20,93.60,2026-08-05
VEN-00490,2026-02-22,2026,2,Febrero,C007,Tailspin Toys,SMB,retail,P001,Fabric Capacity F64,Cloud Analytics,Microsoft,R001,Norte,Espana,norte.manager@datadays.local,V001,Ana Torres,Partner,Completado,Transferencia,1,820.00,510.00,0.00,820.00,0.00,820.00,510.00,310.00,2026-08-05
VEN-00491,2026-05-24,2026,5,Mayo,C001,Northwind Retail,Enterprise,retail,P007,DP-600 Exam Prep,Training,Data Days,R002,Centro,Espana,centro.manager@datadays.local,V001,Ana Torres,Online,Completado,Tarjeta,11,420.00,95.00,0.15,4620.00,693.00,3927.00,1045.00,2882.00,2026-08-05
VEN-00492,2026-01-06,2026,1,Enero,C007,Tailspin Toys,SMB,retail,P007,DP-600 Exam Prep,Training,Data Days,R001,Norte,Espana,norte.manager@datadays.local,V005,Sofia Ramirez,Enterprise Sales,Pendiente,Tarjeta,10,420.00,95.00,0.15,4200.00,630.00,3570.00,950.00,2620.00,2026-08-05
VEN-00493,2026-04-24,2026,4,Abril,C008,Wide World Importers,Enterprise,distribution,P001,Fabric Capacity F64,Cloud Analytics,Microsoft,R004,Latam,Mexico,latam.manager@datadays.local,V001,Ana Torres,Partner,Completado,Transferencia,11,820.00,510.00,0.10,9020.00,902.00,8118.00,5610.00,2508.00,2026-08-05
VEN-00494,2026-01-05,2026,1,Enero,C001,Northwind Retail,Enterprise,retail,P002,Power BI Pro,Business Intelligence,Microsoft,R002,Centro,Espana,centro.manager@datadays.local,V002,Carlos Molina,Enterprise Sales,Completado,Tarjeta,9,13.70,4.10,0.00,123.30,0.00,123.30,36.90,86.40,2026-08-05
VEN-00495,2026-01-04,2026,1,Enero,C002,Contoso Market,Enterprise,retail,P008,Governance Advisory,Consulting,Data Days,R003,Sur,Espana,sur.manager@datadays.local,V002,Carlos Molina,Partner,Completado,Transferencia,10,1250.00,420.00,0.15,12500.00,1875.00,10625.00,4200.00,6425.00,2026-08-05
VEN-00496,2026-06-16,2026,6,Junio,C002,Contoso Market,Enterprise,retail,P008,Governance Advisory,Consulting,Data Days,R002,Centro,Espana,centro.manager@datadays.local,V005,Sofia Ramirez,Enterprise Sales,Completado,Orden de compra,3,1250.00,420.00,0.00,3750.00,0.00,3750.00,1260.00,2490.00,2026-08-05
VEN-00497,2026-01-22,2026,1,Enero,C004,Adventure Works,Corporate,manufacturing,P007,DP-600 Exam Prep,Training,Data Days,R001,Norte,Espana,norte.manager@datadays.local,V004,Miguel Santos,Online,Pendiente,Tarjeta,1,420.00,95.00,0.10,420.00,42.00,378.00,95.00,283.00,2026-08-05
VEN-00498,2026-01-22,2026,1,Enero,C002,Contoso Market,Enterprise,retail,P006,Data Engineering Workshop,Training,Data Days,R003,Sur,Espana,sur.manager@datadays.local,V001,Ana Torres,Online,Completado,Transferencia,6,680.00,180.00,0.00,4080.00,0.00,4080.00,1080.00,3000.00,2026-08-05
VEN-00499,2026-01-15,2026,1,Enero,C001,Northwind Retail,Enterprise,retail,P002,Power BI Pro,Business Intelligence,Microsoft,R002,Centro,Espana,centro.manager@datadays.local,V001,Ana Torres,Marketplace,Pendiente,Transferencia,1,13.70,4.10,0.00,13.70,0.00,13.70,4.10,9.60,2026-08-05
VEN-00500,2026-03-23,2026,3,Marzo,C006,Proseware Labs,SMB,technology,P003,Power BI Premium User,Business Intelligence,Microsoft,R003,Sur,Espana,sur.manager@datadays.local,V002,Carlos Molina,Online,Cancelado,Orden de compra,6,22.80,7.20,0.10,136.80,13.68,123.12,43.20,79.92,2026-08-05
VEN-00025-DUP,2026-04-11,2026,4,Abril,C005,Northwind Retail ,,retail,P003,Power BI Premium User,Business Intelligence,Microsoft,R003,Sur,Espana,sur.manager@datadays.local,V004,Miguel Santos,Online,Completado,Tarjeta,4,22.80,7.20,0.10,91.20,9.12,82.08,28.80,53.28,2026-08-05
VEN-00120-DUP,2026-02-21,2026,2,Febrero,C002,Contoso Market,Enterprise,retail,P008,Governance Advisory,Consulting,Data Days,R003,latam,Espana,sur.manager@datadays.local,V004,Miguel Santos,Enterprise Sales,Cancelado,Orden de compra,5,1250.00,420.00,0.08,6250.00,500.00,5750.00,2100.00,3650.00,2026-08-05
